id,miner,rust,phoma,split,PC01,PC02,PC03,PC04,PC05,PC06,PC07,PC08,PC09,PC10,PC11,PC12
888,1,0,0,train,4.3983393,-2.7247703,-1.8772353,-12.619233,-1.7946832,-4.3937964,0.23702845,-4.513886,-5.109625,-2.3298485,-0.4408785,-6.163053
361,0,0,1,train,-2.5106947,-12.402338,5.1559873,-7.7379313,-4.9844813,6.204594,1.0723109,1.4090497,4.5020914,-0.86369693,0.081131056,-4.118589
886,0,1,0,train,6.291614,0.21363652,-14.010539,-5.1127543,-0.09764134,5.7774262,-1.0935597,-1.0761673,-0.9659983,1.0035986,-0.3528709,2.6527226
345,0,0,1,train,-22.17275,2.4238505,-7.222538,4.790113,-9.742362,-16.537113,1.9354126,-5.4102654,-5.18209,-6.336801,-1.4003716,20.533384
200,0,0,0,train,11.308544,-3.9963465,4.616237,-3.220478,0.18748614,-2.8632252,-1.2527386,1.0475944,-6.222854,-7.85749,-2.7175078,3.7125401
951,1,0,0,train,9.387257,-5.912643,-3.7825701,-9.172731,0.83164054,-4.981142,-4.100647,-9.70492,1.7655478,2.3766081,0.25991222,-1.6130357
459,0,0,1,train,-14.45154,-4.302391,1.8222218,-1.6175978,-8.504325,1.682499,7.5975246,4.545221,4.730787,1.4960262,3.0969021,-0.06984006
377,0,0,1,train,-10.944921,-12.812259,5.868098,2.0549135,3.337674,2.6718607,-0.25886804,0.65267277,7.2736974,1.7827215,-1.0305898,-1.7326658
394,0,0,1,train,-9.13758,-13.187704,5.900922,2.068358,0.70085096,-0.29900885,-0.8591657,-2.0466828,0.6911748,7.6408143,-2.44415,-0.6614441
452,0,0,1,train,-7.735947,-3.8568234,8.529759,-3.6377373,-0.13799696,3.2279732,2.0859363,-4.6580997,-1.7265093,1.911466,-0.17332917,0.7593266
676,0,0,1,train,-14.655366,-4.1871805,-8.830191,1.6421715,-6.8131623,-1.0243702,7.9541864,-6.4366956,6.5384874,2.4032679,1.940667,-2.7449644
278,0,0,1,train,-15.416323,-5.5127735,-2.8529258,0.46109465,3.5499947,-0.82051075,5.083219,0.33882138,7.774356,0.120368436,0.54606295,5.895271
725,0,0,0,train,7.5464587,19.427387,20.395964,6.11776,-1.260293,-4.722417,-1.0961013,-0.55020577,4.4237027,-2.3917735,-4.6967096,-1.8632351
1092,1,0,0,train,4.625486,-2.8533506,-10.934453,-8.711056,-1.5746782,-1.1662289,-0.489621,-3.8871965,4.8952217,-0.80701786,-2.021183,-1.7096987
1384,0,0,0,train,5.90404,-7.292468,5.850032,5.119103,8.007975,2.6057637,-0.12233417,-3.3865576,4.5702186,-2.3410413,2.598757,3.095559
210,0,0,0,train,6.221498,-16.475058,-3.7876856,9.019246,-7.449014,1.5215672,2.1170888,3.94251,-2.1403534,1.0528326,-3.6435206,-4.4127336
1493,0,1,0,train,9.112517,9.703113,-10.940521,-3.4308815,10.604514,5.703078,-12.812101,17.466146,2.5416152,-0.6410908,11.239212,-3.989818
490,0,0,1,train,-12.747556,-7.7718706,5.313294,4.3504963,-2.2200658,4.729433,-1.2145419,0.5199762,1.4118137,4.1368093,-4.947339,2.353707
1057,0,0,0,train,9.685934,8.788153,21.634804,5.0870347,1.0878439,-4.54876,0.95224774,-3.8258567,-2.236498,2.3090272,2.1890318,0.12793358
1051,0,0,0,train,12.815131,5.3719335,4.5522766,-11.438167,1.9590129,-7.917299,-7.435808,-10.504742,3.3187928,0.53431606,3.428726,2.5822914
669,0,0,1,train,-23.17405,9.18639,-1.4782916,4.117662,-10.225809,-13.593492,5.2863383,-0.9831533,-0.41912484,-7.77064,-2.622535,19.472698
1434,0,1,0,train,-2.4457932,18.899487,-7.120052,-8.535984,9.653432,8.908297,-0.2073813,1.9497406,-5.825423,10.644516,-4.412779,6.729827
668,0,0,1,train,-21.272583,0.8449425,-2.8547535,5.3441043,-3.8433106,-10.930359,3.7531822,-1.4600034,-0.17736904,-3.7237859,5.3371577,17.783249
15,0,0,0,train,7.6643105,-2.733605,2.6705484,11.944488,5.0408854,-0.17994308,5.1201787,7.7831154,-4.991487,0.14207946,-3.8501992,-1.2857058
1485,0,1,0,train,6.312575,4.571177,2.409688,1.079601,2.5818372,7.5456495,4.152438,7.755408,-0.62823415,-1.6323279,1.012254,2.7390976
916,0,0,0,train,12.953934,-2.8947651,1.2065902,-2.65357,-4.815006,-4.388174,-4.5571766,-1.2318379,6.2829533,-1.1871455,1.797512,-3.9688349
1031,0,1,0,train,5.2769623,-3.5880446,-10.583245,-5.9311104,5.9697676,2.0244393,2.0647213,-1.8460609,10.789406,1.810804,-0.0028992852,-2.4626958
627,0,0,1,train,-23.26889,0.21150759,-3.6090646,9.355572,9.870024,-15.990044,-5.4818616,1.0481173,1.7507687,-10.690149,0.93460083,6.2369876
348,0,0,1,train,-18.266283,-8.726077,4.3629394,-1.4203178,-3.669761,1.7761469,0.9315199,4.6476912,2.4620545,0.7635099,-1.0478767,6.3348
383,0,0,1,train,-7.530491,-4.763337,7.72528,-2.9532056,-1.3744123,2.6759384,3.1366765,1.2377756,3.9463472,3.6872141,-4.2966256,2.487842
344,0,0,1,train,-18.309858,2.5301516,-4.027517,1.0950222,-11.629682,-13.120999,2.3051987,-7.237352,-3.3011596,-4.052473,-0.36146864,16.379122
1010,1,0,0,train,-2.236616,0.2817544,-4.5579195,-3.9243262,6.7101636,-4.2260237,7.178573,3.9747267,3.614772,-2.5596266,-5.1141376,6.7202635
1353,1,0,0,train,5.489812,-2.8575492,-5.4108586,15.867837,-2.2068813,4.396189,3.8373454,-3.3225415,0.5178651,3.5509536,4.3278165,-2.7708495
979,1,0,0,train,4.746448,3.9469824,-10.430032,-7.865304,0.2997892,-0.5047633,1.8582809,2.1899233,5.212688,-0.9505005,-2.2158055,-3.1548417
147,0,1,0,train,10.785707,-5.6235647,3.9847684,5.2638106,2.2245328,1.8410836,5.3591723,8.187805,-1.9271423,-5.131182,5.2761674,2.6370811
962,0,1,0,train,8.9645605,3.6167395,-10.0042095,0.94881046,-3.8802414,4.0398335,-5.0546455,1.8778867,3.6850355,7.5130086,-5.4362416,3.3313816
897,0,1,0,train,10.635685,-7.482073,-9.225023,2.8619738,-5.8124413,-0.12338171,-3.697626,9.350968,7.798441,4.758812,-7.1971755,-1.8977736
1046,1,0,0,train,-1.8082092,8.092098,-10.216739,-7.573995,0.35820562,-2.834658,4.0137315,-8.053244,5.367674,-1.5755931,-3.490422,-1.0712243
238,1,0,0,train,5.248798,-10.761021,-12.092016,10.448359,-9.371804,1.6938827,6.4841146,1.7638866,-4.4978385,-5.098398,-3.7209651,1.1802627
822,0,0,1,train,-17.051413,-1.2636437,9.577623,0.50383353,-6.6012735,-0.7335231,2.5103483,3.9366248,4.412529,7.1767445,4.6899505,-0.8675926
1364,0,0,0,train,5.003627,5.2689257,11.323624,11.155924,14.158335,4.751222,-0.90104395,-9.533706,6.671458,-0.67156017,2.5335727,4.5266337
1480,1,0,0,train,-1.7138621,-1.1335958,-3.5072954,3.5384457,16.102322,4.3413024,0.13083713,-2.0907922,1.2337656,-6.014005,-6.2323637,2.399782
1337,1,0,0,train,-9.643157,-6.6119046,-16.254185,23.37522,-2.682452,10.91064,1.8842813,-9.465401,4.258515,2.0196617,-2.4307668,-5.565106
750,0,0,0,train,7.9272776,-17.680775,2.5172718,3.7360232,-5.891018,-2.484439,0.98794484,2.3841856,-4.3830485,-1.4279786,1.2646221,-3.7524707
337,0,0,1,train,-9.784362,-12.677786,7.224845,2.5725458,-2.2722156,1.6891899,1.1039618,8.652885,2.763644,4.124806,2.3722541,-2.3736856
401,0,0,1,train,-15.262029,-3.014203,1.9253048,-7.008853,7.1220393,2.9362698,-2.0696,-3.2407832,-0.99839526,-2.6633403,-5.5193725,1.262505
1008,1,0,0,train,-1.6367135,4.231401,-3.1100874,-3.36061,6.3402658,-4.6554933,6.5599647,4.1404696,3.7660778,-2.0826645,-4.947138,8.116737
1075,1,0,0,train,-5.135605,11.828112,-4.4960613,-5.8824954,-1.0581714,-6.3450027,11.081937,-3.7570224,5.927891,-1.0467706,0.090655066,0.4472701
320,0,0,1,train,-18.746944,-6.2550225,5.513017,-1.6391972,1.039848,4.627274,-7.476559,3.3959756,-2.8709736,-1.4230006,-5.1574426,4.0063725
657,0,0,1,train,-5.1912103,10.575086,11.9151,-0.9407687,8.756634,3.524331,-7.9949174,-8.621141,8.3472805,-9.103599,-2.464418,-3.2292528
385,0,0,1,train,-17.018042,-6.294065,1.5482775,1.7145007,7.420911,1.0678446,1.9809463,-0.9140718,-1.5211961,3.58315,-6.2118583,0.87425035
1077,0,0,0,train,8.778271,-8.1666355,2.7113256,-2.5483441,5.3147273,-8.007493,0.7864251,-2.3603365,3.046544,2.5520523,-1.566135,-3.311124
1522,0,1,0,train,0.5832785,-6.6843967,-1.1829444,3.5865753,3.489166,-0.2628659,6.9461646,1.2632469,-4.079816,-0.67259175,-1.3974059,1.7471498
820,0,0,1,train,-14.96575,-2.8878353,9.893351,-0.7217204,-5.8285933,-0.6543061,3.1171334,3.6471229,3.7889092,5.6936784,4.2004395,-0.37903944
136,0,1,0,train,-0.3706867,2.371091,-3.870863,6.1957674,6.9477143,7.955202,6.5410733,3.1163206,-1.4226397,-1.6750752,7.9676147,-1.9057019
647,0,0,1,train,-0.7682188,2.9426477,4.7789288,-3.1185236,2.0791914,-6.7918777,6.861613,-0.98839957,-0.7875868,2.9009943,-1.209372,-4.5443964
1402,0,0,0,train,10.465723,27.105536,7.034984,16.572668,-1.8722318,-0.37544262,-10.827969,-2.7446644,2.8751483,1.5164711,-7.3608027,3.2488632
770,0,1,0,train,9.387228,-6.348672,6.12464,-5.477292,-2.067523,-3.5477624,3.729151,-2.8847008,-4.7970095,0.88359356,7.109814,3.1427562
422,0,0,1,train,-25.727331,-3.5755794,-5.8594203,2.0657628,4.5900555,-10.519614,-3.8533518,2.2573123,-0.3334334,-5.0674596,4.3265343,4.0562606
1362,1,1,0,train,9.149527,-6.149259,-10.518135,6.2473645,-5.3881774,7.888021,5.449381,-4.461331,-2.7686753,-2.8588362,3.206842,1.8425419
304,0,0,1,train,-15.519909,12.245959,8.192256,-3.7984276,-11.361601,-2.3201041,2.9792027,0.032539885,0.85011494,-5.1553426,-6.150307,2.5759115
1586,0,0,0,train,7.8276477,-10.821553,3.1660268,0.55418414,3.8748832,1.7899944,-4.6601677,-6.125948,-8.357915,0.86127377,-5.721318,4.5648136
1420,0,0,0,train,-8.1119,-13.691946,-0.8403707,3.662171,9.18876,4.8126307,-8.484226,-4.9492483,-0.7862122,8.611158,-1.893834,1.99245
287,0,0,1,train,-11.876111,-3.816584,8.48614,-3.2672973,-5.1891737,-2.3462782,-2.9925952,0.07993463,-0.64781785,0.8429781,-0.1055351,-0.45123652
958,1,0,0,train,10.468598,-5.938575,-5.4468412,-1.5164163,-5.7295265,-4.213949,3.0614321,1.1359653,6.879854,-3.9288633,-1.0437131,-2.1905375
653,0,0,1,train,-13.084532,1.4185407,1.8953531,-7.786511,-12.311561,-0.60389805,8.0102415,-2.5661416,-1.4503486,-1.5097752,1.5811429,3.9229121
421,0,0,1,train,-34.76455,5.4798903,-14.127652,6.886779,5.45481,-25.795357,-6.771413,3.4876633,-6.737326,-8.956288,9.071493,11.069747
166,0,1,0,train,6.516147,-1.5271984,5.3507485,-2.9033802,1.7417561,9.352064,3.4368308,3.1391883,-2.5899312,-6.3753743,11.629083,0.33385706
1556,0,1,0,train,3.8052578,7.5993676,1.0530044,1.8177372,10.862027,7.634825,6.7032313,8.208686,10.2931795,-2.0227604,2.7029378,0.37986207
480,0,0,1,train,-28.358837,13.710448,-4.066863,3.1845846,0.62662446,-3.5917885,-3.1771305,6.8581033,3.305315,-14.797773,5.0262876,-6.357342
121,1,0,0,train,2.7859116,-8.204939,-5.909692,-0.36132765,-5.794368,2.702779,4.290097,-1.2124048,-7.8004456,-4.2156305,-0.30994496,-2.045219
1496,1,0,0,train,-3.396422,-4.084907,-14.0078125,0.84443045,8.89448,6.9133687,1.1082977,-0.74963564,1.7084641,0.62190866,-3.7661479,-0.4041866
163,0,1,0,train,15.106519,-4.7615232,-0.87517107,3.9843795,-5.241808,2.988014,-1.8686947,-1.6630005,-9.891878,-7.707768,2.3877325,6.7287703
357,0,0,1,train,-14.258651,7.4547844,10.505178,-1.5182176,-5.3965135,6.1684484,3.4092016,0.36192828,0.92790383,-0.68749315,2.1319585,-4.6999903
161,0,1,0,train,15.28799,-3.266367,0.8895029,2.680888,-3.6836956,1.6073157,-2.5569696,-2.607746,-9.207313,-6.8610525,2.287304,6.6935816
1309,1,0,0,train,4.1399894,27.340162,-4.798309,14.340071,-9.357614,1.8074746,-0.88820404,-15.624267,-0.6044167,5.5674167,7.800018,-1.7602279
937,1,1,0,train,8.336991,6.6999426,-8.787192,-7.2110705,0.45209578,-2.6100206,4.3601475,8.009506,3.8190737,10.730458,-1.5936344,0.6701467
321,0,0,1,train,-14.580823,-10.974894,6.567859,-4.2601395,5.669994,1.8346529,-11.5508,-3.4888713,-8.614439,8.338878,6.0906825,1.078114
1097,0,0,0,train,9.910156,1.168913,4.101084,-9.603984,4.4255414,-11.172126,-3.274896,-0.26526895,3.6102614,1.9243048,0.6876594,-3.2813654
43,1,0,0,train,3.1235864,-12.436256,-7.5852494,3.3534067,-3.3896234,3.3862536,5.090272,2.684959,-5.2979236,-4.338724,-6.062637,1.0258572
255,0,0,1,train,-9.797734,-5.528558,7.7064085,4.09594,-6.068919,1.1647071,7.5564685,3.1404817,0.35997868,4.6122518,-2.2867045,-0.17485413
391,0,0,1,train,-9.17746,-6.982348,5.9139857,-2.999414,-3.9551086,2.8159974,1.0101198,-0.123592146,7.82335,-2.725605,-2.1889107,3.7063737
974,1,0,0,train,8.334153,6.9826856,-2.7474446,-10.346341,-10.374196,-2.028134,-1.764535,-5.819205,7.077514,-2.2268324,-0.24987744,0.91179377
1503,1,0,0,train,0.15945593,-7.165959,1.4972626,-2.5147798,1.7337456,6.171594,4.386483,-0.049912598,-0.7231339,2.6566868,-4.3120213,1.3920403
1406,0,0,0,train,13.661939,2.6084838,9.780025,9.390463,7.935881,-0.14948384,-7.3576603,-8.154492,-5.0185504,-0.8983091,-0.9437069,6.3691
1490,0,1,0,train,2.825135,-14.738802,-7.7662725,-4.2283206,3.6332405,3.7996345,-5.532601,-0.12720461,0.9844881,1.1697308,-3.7724833,0.6883776
188,0,0,0,train,16.345877,1.4103192,1.1257286,5.944849,-5.2397265,-2.4711044,1.5115366,-3.0724225,-5.0459976,-2.6056957,-1.8622174,0.85484755
753,0,0,0,train,18.278492,9.926422,6.377466,14.723138,-13.809467,-5.692229,-3.7754173,-2.8057451,4.059448,3.5892155,1.9039127,-0.63322717
305,0,0,1,train,-9.165678,7.910408,8.138163,-6.589885,-9.432992,-3.8962371,-0.31438717,-6.0524917,-2.6982157,3.2714624,8.557584,2.05092
1446,1,1,0,train,-10.994842,27.861624,-20.227903,10.800615,5.5817065,-7.032395,-1.8051641,12.514873,-2.2271643,-1.0518124,4.6088753,-14.163282
244,0,0,1,train,-18.164692,0.73935145,-0.008489537,6.738767,-9.220746,-9.983957,2.1035025,-0.48099086,1.9803531,-0.17122573,-4.796063,11.959842
677,0,0,1,train,-11.49755,-8.191989,-1.5762836,-2.0176902,-5.145109,1.4480124,3.6807756,-2.6579878,5.4160514,4.926421,3.6468878,-0.85487115
328,0,0,1,train,-26.467957,-2.8597739,-5.278694,8.773635,10.04076,-11.53072,-12.91273,7.153898,-2.8086286,-7.677371,5.25517,-4.733035
701,0,0,0,train,13.493631,-8.888417,4.13763,3.9133818,-4.1143456,0.77461576,-2.2339923,3.1067562,2.75839,-8.275578,1.9363865,1.2235063
721,0,0,0,train,5.844763,-9.885689,8.042463,6.172816,6.7332315,-3.9715729,5.141525,1.885782,6.914374,0.14955136,1.5605363,-0.6894859
851,0,0,0,train,10.43752,-6.847962,4.839426,-5.690123,1.927605,-8.297535,3.644286,5.186102,1.1365222,-2.209539,1.3966705,-4.8738637
680,0,0,1,train,-10.1131735,-4.0078707,-5.725343,9.074621,-1.5059257,-6.322632,11.347125,-6.4262714,3.9423602,7.571801,-1.1470406,-0.84175324
607,0,0,1,train,-15.048282,1.1679815,-1.4487042,-9.2763605,8.066917,1.5818187,-6.9884305,-1.1820498,-3.4116948,-4.1696105,-4.9102535,-8.121508
813,0,0,0,train,9.422613,-2.5091488,2.1998732,15.477094,-5.176065,-3.6818755,1.3601441,2.327689,11.236737,2.9257457,-2.61536,-2.6616542
601,0,0,1,train,-4.148781,-7.3565435,4.4475927,-2.3430393,3.3165097,2.3383977,2.1261106,1.033854,0.48569396,3.4858372,-5.5657663,-0.0860003
640,0,0,1,train,-12.611774,-9.159931,-4.873704,-0.7738917,-1.6487106,-4.8156185,0.26312688,-6.877156,-9.319424,2.3226352,-0.82937163,0.3544683
824,0,0,0,train,12.070089,2.8668694,5.084345,-1.2972643,0.68101525,-12.356702,-3.9589524,3.4539468,-2.0344496,1.0293273,-4.831424,-6.205267
1040,0,1,0,train,4.6746173,11.840763,-7.0435324,-5.605863,-0.69091856,0.86108184,4.455418,5.469803,-4.623531,4.753088,-2.1740904,-0.79507905
27,1,0,0,train,-6.7998214,7.602881,-3.9186141,2.9110575,0.5380247,3.5337608,6.854549,0.81002396,-8.911819,9.556271,-9.420596,-0.005547056
1054,1,0,0,train,-13.379997,4.220165,-5.75901,-7.639377,2.1381285,-3.4925106,6.495574,-3.2080529,3.0368578,-4.0635138,-4.863505,-4.6888413
602,0,0,1,train,-3.7234082,-3.2397,6.5508766,-3.4169989,0.7644636,2.6395001,1.4210719,0.58783233,-1.0626447,3.312516,-6.9659257,-0.40147302
704,1,1,0,train,2.5733464,14.407736,-5.4514537,-11.424165,2.783624,3.9249852,3.0698082,1.4689312,0.25672185,1.4730937,-1.4115446,1.8164054
151,0,1,0,train,3.7564714,14.946781,-2.1792362,-0.33030298,8.061688,14.790717,4.8196096,-7.654646,-9.5518875,-6.554957,10.546256,5.926022
178,0,1,0,train,4.0695286,-14.592571,2.3405879,2.8313549,-1.3434963,4.0471325,2.7351232,6.3714094,-1.6180378,-2.50972,-1.5868869,-1.0944651
1509,0,1,0,train,17.570868,4.114628,-1.597886,-2.617087,2.6659708,-2.0400388,-10.575397,8.650514,1.1413139,-5.168688,3.2521539,3.4160867
288,0,0,1,train,-20.350351,-4.769291,-0.75521183,-0.9403553,-0.9732433,0.8319432,-1.4267077,-0.9270507,-3.022725,-2.6299844,-5.8917646,1.6320013
861,0,0,0,train,8.612843,-10.806588,4.363033,-8.130494,-2.4436162,-8.136731,-2.5893843,-3.0440521,-6.405744,0.9553887,1.3736749,-3.5211656
1311,1,0,0,train,0.876386,26.198126,-5.11365,14.658765,-9.537836,2.2048876,-0.19199659,-16.3242,-0.0006196657,4.87707,5.9556646,-5.0724
827,0,0,0,train,11.502694,3.9857185,2.979464,4.203304,2.770688,-12.281437,-0.93503034,4.718991,0.21109983,4.406961,-6.068226,-7.919815
1530,0,1,0,train,4.5658,-8.755696,-2.272777,-0.3798254,-0.05369566,4.736621,8.148419,8.681842,-1.0231684,-2.0055048,1.6160898,0.74203587
673,0,0,1,train,-8.241483,15.171898,12.66934,-14.174074,-9.5344515,7.9521356,-10.305763,-1.7929202,1.9745507,-4.6600895,0.07514214,-6.454569
368,0,0,1,train,-6.706341,-2.6806068,9.583225,1.7697564,-0.1794277,1.885048,-0.1908221,1.2839464,1.3861686,-0.5417143,-0.041952327,-1.5713468
899,0,1,0,train,10.773515,-6.0837827,-9.001644,2.9037092,-4.673525,-0.48541027,-4.4418473,9.481571,6.3624825,5.1434793,-7.449033,-1.8427986
829,1,0,0,train,-11.500233,3.511168,-18.77098,-5.0537195,5.423547,-11.866478,-8.882152,-3.5629706,-6.0715337,-0.52025485,8.42579,-15.85322
429,0,0,1,train,-15.434628,-3.0997524,5.2202005,0.3803244,-3.3514688,1.3911922,4.724862,3.3343043,3.2020752,1.0555775,-0.62165576,-0.75991577
954,1,0,0,train,-3.288458,-0.51428616,-3.8359213,-5.895328,0.835496,0.28499892,1.3329716,-4.383834,6.8324866,-1.0631483,1.6770476,-4.8361006
1413,0,0,0,train,10.329833,19.032753,7.7742734,27.282934,0.52197605,2.2898946,-1.4278111,1.4318539,3.8314307,-1.4668114,-5.2867727,0.8487545
928,1,0,0,train,2.6967006,-4.3434486,3.0384083,-8.731888,1.4824516,-2.2090237,0.4791346,-0.08712572,4.156287,0.5875364,-1.127966,-2.6363606
1316,0,0,0,train,16.49845,9.974402,-8.909676,24.284254,-10.707784,2.7186651,-12.06814,-18.267323,-3.6794524,5.8250794,16.985638,2.2588382
1087,1,0,0,train,3.632047,-1.9550861,-7.290709,-4.733954,-2.7122388,-4.094644,0.61299235,4.363661,8.4610615,4.319685,-3.8983827,-4.4747562
1381,0,0,0,train,13.284996,-1.2813902,-0.058458023,6.8805113,5.754315,2.8966608,-4.1321406,-8.021025,-0.31324062,-2.501326,1.5949349,4.983881
661,0,0,1,train,0.17926459,-10.236705,6.2739744,-0.48240966,0.3988446,2.9850497,-1.5339528,-2.7004023,4.038357,2.2425578,-1.6972618,0.3827531
729,0,0,1,train,-0.5632345,6.4093394,10.474593,-2.6175916,-5.685568,-5.801052,7.4128346,-3.2200577,-0.3343326,4.730963,7.2681704,-1.5784653
1501,1,0,0,train,1.452991,-5.291713,2.699597,-2.592984,2.2913258,5.8960238,2.808154,-1.2161713,-1.8884288,2.5834131,-5.603497,1.1799592
410,0,0,1,train,-26.166178,21.374918,8.989918,3.5283294,-11.367217,-3.265217,-4.428041,1.9110203,1.5127338,-17.00091,-10.532231,7.06312
1554,0,1,0,train,9.644018,-16.26997,-6.543368,1.9865327,-9.369061,10.106769,-5.0855184,1.7832627,1.5576012,-6.753622,-1.243927,1.2806743
1514,0,1,0,train,3.5692956,-9.559734,-3.1980493,-6.9571867,4.9375215,1.951442,-2.3498774,2.2126396,-2.358062,-0.7219117,-1.467743,-2.6245599
1484,0,1,0,train,1.3045009,-7.593387,0.24885838,-0.4614383,5.6249003,4.8554626,6.8485675,2.9782414,-0.6868232,1.6823478,6.271414,0.019044712
1499,1,0,0,train,-0.7611091,-5.0958977,-15.225823,0.04511536,9.172524,7.6598387,-1.2877007,0.4730831,3.475279,-2.4476914,-6.5038557,2.6998255
497,0,0,1,train,-5.1097527,12.673687,20.44508,-0.75377065,-4.4568796,5.8027873,-2.8688304,2.644868,-1.7953062,-2.2328925,-5.3706837,1.1577142
209,0,0,0,train,7.8723536,-15.5758,-3.3649793,7.495006,-8.231068,1.6699742,-0.4878819,3.8591466,-2.3099635,-0.14727603,-6.0748577,-2.9326231
1346,1,0,0,train,-5.3345146,3.408133,-18.123737,27.135042,-3.586479,10.598348,-12.266011,-1.7138064,-1.8916432,-2.822238,-1.022987,-7.6453247
196,0,0,0,train,14.460422,-13.606357,0.046126585,5.0203304,-10.400396,-2.4823372,-1.8045175,0.6180275,-5.8447127,-0.8850578,2.0576427,-4.8883824
5,0,0,0,train,12.70653,3.5322711,9.465166,4.0317726,1.828909,-4.926688,1.6482856,3.2574158,-9.606792,2.2923424,-7.083266,1.1937314
705,1,1,0,train,-1.9637883,20.113665,-14.246605,-5.9050455,5.6074405,2.473572,4.436805,1.5335965,1.9438916,10.623284,4.324852,3.0376172
1072,1,0,0,train,-0.09722735,-0.5785743,-3.3850844,-9.2473955,3.429048,-6.5873313,7.760954,-2.7975285,4.977816,-0.66040564,2.5667944,-3.6028044
1029,0,1,0,train,4.582491,-4.544033,-9.602732,-6.2238193,6.1719747,1.7263086,1.36554,-1.7328434,8.657735,2.3917875,-0.42199817,-3.0673735
282,0,0,1,train,-18.519224,-2.6402946,7.8284197,0.020751225,-0.27924576,6.957182,-8.956774,6.556849,-3.8936691,7.4806056,9.551994,-0.80662364
400,0,0,1,train,-11.866722,-4.8667374,5.8932395,-6.621785,8.665659,3.5735404,-2.5653965,-3.6113973,0.97455585,-0.9419611,-4.6080666,-1.4201291
221,1,0,0,train,4.9777036,-8.121258,1.6605054,-4.808473,5.748432,-0.2477337,3.9746182,-1.1287333,-1.6539311,-5.2452583,1.3091254,-0.5303632
931,1,0,0,train,-8.248363,0.76234293,-7.788859,-1.7806515,2.826043,-7.860984,3.2253215,-1.1354343,1.7788386,-1.8292352,-0.3005653,-3.9665124
1498,1,0,0,train,-2.1651988,-2.2696793,-14.628064,1.4809082,9.028492,8.266082,0.14320791,-2.08085,2.5466316,0.008810649,-4.056182,0.46293634
925,0,0,0,train,16.625143,3.4847038,2.2147515,1.2243117,-0.5738727,-9.279735,-5.7076445,6.713129,4.7473807,0.33361915,0.44726127,-3.6308997
33,1,0,0,train,-3.9820762,12.283009,-4.480459,-3.9072096,-1.3150513,7.965365,10.47171,-6.8361115,0.36831197,-4.565753,10.193781,-3.2373483
679,0,0,1,train,-13.842719,-8.954884,-5.946926,-1.4708955,-3.568627,-0.57916564,3.205478,-3.852248,3.9725394,4.59517,3.897889,-2.0696495
259,0,0,1,train,-18.421421,-11.444301,2.7274995,-3.7834878,-3.3890119,1.4283713,-2.797619,0.6046685,-0.58709776,4.735847,-0.818879,4.36411
727,0,0,0,train,7.9512806,15.264819,20.42233,5.0759907,-0.9689983,-4.421297,-0.32744753,-1.2439728,4.276917,-1.8995652,-2.5387604,-1.0114363
1016,0,0,0,train,9.74349,-6.948087,5.856008,-4.9001384,2.7167206,-5.4361677,-2.2901912,0.84204745,2.2948933,4.761064,0.6669814,-2.0433207
768,0,1,0,train,11.93945,-3.4452765,5.297913,-4.0182953,-2.8595598,-3.29059,2.1844838,-3.0210516,-4.6149883,1.4548504,8.9111185,3.9543579
1351,0,1,0,train,9.134951,-3.9019892,-6.713065,-2.6739306,2.9136548,-3.323218,-3.5853145,2.1501296,-1.2928419,2.1868186,-2.4528577,3.370329
167,0,1,0,train,6.9000206,-2.3367486,6.4806266,-1.5826671,3.5466406,8.870272,4.380196,1.9302946,-4.077116,-3.835173,10.826814,-1.2260556
378,0,0,1,train,-12.258031,-5.5537124,4.988952,4.392587,3.4837365,5.016018,1.3073139,-1.0892066,10.204968,-1.5648732,-2.1582475,-0.044141132
766,0,0,0,train,2.546747,-8.012362,11.689054,5.1790357,8.033913,1.3409927,3.8057024,5.2543297,8.76117,-2.458347,0.7515902,2.8357356
936,1,1,0,train,9.356012,8.404177,-8.612355,-2.6567833,-2.65491,-0.33060572,5.3659644,6.648122,4.969473,7.222143,2.0531256,2.7943342
651,0,1,0,train,6.935994,-3.4399858,-0.99680424,0.15383337,2.1236145,8.582678,2.9839919,7.7428684,2.346525,-3.9509997,9.342952,3.8125842
294,0,0,1,train,-18.682585,-8.67351,4.025083,-5.9679656,-2.6323164,4.4429064,-2.3053293,1.8866854,-1.8154174,2.6976497,-1.9485173,2.8356376
910,1,0,0,train,3.6429398,-10.407289,-5.7855015,-5.4890723,-1.8336327,-3.338948,-1.2466089,-2.6707318,2.9663274,3.2763362,-1.4655174,-4.4585075
258,0,0,1,train,-15.590616,-16.485268,4.735781,-3.617922,-1.4947925,1.519702,-4.296028,1.0534259,-1.1007661,6.0314193,0.9461911,2.167759
115,1,0,0,train,2.0330322,-9.894853,9.276647,-4.142691,5.266283,5.940161,-1.4807158,0.5534603,-6.420812,-3.354254,4.2788386,-0.8319012
1037,0,0,0,train,11.905585,-3.091458,5.929752,0.10416645,2.9381373,-3.7400167,-1.4146559,0.64771867,2.8072858,2.072798,-1.5443624,1.1316947
811,0,0,1,train,1.470608,-9.9509945,6.1463475,-1.4687494,-1.375605,-4.1122055,4.042715,-0.033121042,-0.21094245,4.159852,1.7419572,-2.0332263
1392,0,0,0,train,1.3616292,-13.417214,5.4647317,2.3543108,6.530805,1.5751262,-4.188613,-8.26925,-8.063366,6.0930347,0.55250525,1.112902
898,0,1,0,train,13.752817,7.8117414,-8.218635,6.6162686,-2.4482155,-1.5758934,-3.6370108,6.174111,5.324515,9.103655,-4.7542806,4.872763
737,0,0,1,train,-8.364055,-1.7426456,4.311156,-3.8694298,-9.493404,-3.9601583,9.02313,-1.1549448,-1.1058812,3.6299844,2.5552664,-0.7467773
674,0,0,1,train,-11.2267885,4.2423506,10.097276,-11.33189,-7.2370577,6.867754,-9.36741,0.75633675,1.1277856,1.5669855,9.233705,-5.3820105
1494,0,1,0,train,3.1285636,1.7246258,-10.432515,-1.5948019,9.6106415,7.013275,-6.363112,15.238345,2.1903577,-0.009725019,7.0368905,-2.7256672
24,1,0,0,train,0.24994592,9.654397,-0.7669446,3.5338643,3.23817,5.719177,4.277565,4.449153,-5.892672,8.31357,-11.42545,1.2336179
1332,0,0,0,train,12.677337,-5.2125893,-5.057989,8.375599,-4.3760557,0.9225046,-11.160349,-12.488159,-8.409395,5.052399,4.139232,4.097917
740,0,0,0,train,6.260227,11.582604,13.399028,10.43585,8.142948,-2.046707,3.1522074,3.2058394,0.8008641,-1.6821005,-2.7361317,2.7590969
872,1,0,0,train,2.2028835,11.122666,-2.3521998,-14.8851185,-4.9546804,-2.4768348,5.89144,2.7905397,3.200947,-2.9608102,1.3313255,1.4880214
605,0,0,1,train,-17.584492,2.315192,-2.476137,-7.8381877,6.5812626,-0.8452758,-7.848422,-0.7371188,-5.018266,-4.9333687,-3.1792607,-10.2295265
942,0,0,0,train,16.78835,3.6339674,2.5494988,-1.3454117,1.4032786,-11.154135,-4.0581536,0.86451644,6.878449,-4.3404803,1.6676546,-1.508632
1048,0,0,0,train,10.752361,6.5944705,2.2836258,-10.6220455,-0.075896025,-6.8344836,-8.27492,-10.231217,2.2312934,-2.6763303,-1.3138876,2.1481996
815,0,0,0,train,11.647432,-2.4816554,3.0973153,15.227756,-5.980799,-3.8599634,2.1410348,2.8597329,9.275254,2.2970603,-1.3992401,-3.4320977
358,0,0,1,train,-15.882634,14.615854,13.954311,-0.94996685,-7.515086,5.3839765,1.8221306,3.6041255,0.2412778,-1.375708,-4.2109017,-5.2989345
667,0,0,1,train,-15.280824,13.573253,7.2354164,-3.0382519,-11.89278,5.555316,-8.590071,9.513475,8.839721,-1.3911483,4.180074,-7.755895
950,1,0,0,train,6.1921287,-7.5354123,-4.7643995,-7.522949,-1.823056,-5.209698,-0.47954404,-7.5833774,1.3719486,1.401062,-3.2009273,-2.5063522
10,0,0,0,train,15.238592,7.063829,0.5504164,14.224848,-10.074039,-3.9329956,1.7738695,8.733607,-3.2143126,3.6972,-1.3827419,1.0273647
310,0,0,1,train,-11.747901,-10.594255,8.575452,0.6332261,2.1711755,-0.45658648,-5.1838903,-5.554127,-4.5984955,6.774711,1.8153303,2.4292068
652,0,0,1,train,-11.859397,-0.16848376,6.047288,-5.782712,-9.7822275,-0.160087,4.6834345,-4.5459604,-4.378999,1.7404308,4.5569797,4.8888397
1597,0,1,0,train,8.031353,-7.644695,-5.3569965,-1.0198932,3.2587268,7.402152,-4.046289,1.643646,4.8347745,-0.30554408,-2.1060865,2.3824842
923,0,0,0,train,13.986944,-1.1259288,5.362975,0.37725616,5.4129963,-5.554582,-3.642526,-4.6615005,4.848353,-3.2591848,-0.4832096,-2.4557574
1570,0,1,0,train,8.822874,-9.647341,-15.210282,2.5172257,-10.354009,12.815717,-11.465833,0.5616351,3.4461133,-5.1741524,-0.016184812,3.35933
713,0,1,0,train,4.3302884,2.9503496,-16.754671,-5.9835434,-5.31963,4.618906,-1.4852334,0.91687423,6.929515,6.80486,-2.4784973,4.740511
1307,0,0,0,train,13.59438,23.726046,11.579031,14.572173,2.3886654,-0.623887,-1.0635183,-3.5363243,-0.9016535,-0.63506174,0.08581043,0.25797608
251,0,0,1,train,-2.074371,19.948187,20.661024,8.216701,-6.716839,0.8339975,-7.601279,2.2173867,2.5206885,-1.8086699,-9.818809,-8.401311
31,1,0,0,train,9.716753,-8.3470125,-8.163275,6.359419,-8.748331,3.3814752,6.349164,5.789921,-8.297268,-6.04611,-0.56438804,-2.04919
1394,0,0,0,train,2.018964,-13.880297,4.9403768,0.8441221,5.903261,1.4571853,-3.9039974,-7.685255,-9.182744,5.0390754,0.10392282,1.3536878
1508,0,1,0,train,16.84028,-0.9818186,-3.0125804,2.2578137,-1.098339,-0.4083506,-6.78543,8.521869,0.5492801,-3.1876924,2.9910045,1.2819605
1084,1,0,0,train,5.2515683,3.7612543,-5.24703,-6.743538,-8.755341,-1.0394677,3.7632718,1.6374906,8.535236,1.3818626,0.24097447,-1.5433863
742,0,0,0,train,7.016735,7.1309066,14.291867,8.441355,6.2810774,-2.7090175,4.436944,2.8058476,0.17861183,-0.062169895,-1.3958591,1.5762357
470,0,0,1,train,-22.98114,-1.937463,-5.3256288,-1.1611785,-1.449264,6.258626,-1.0120164,1.0150212,4.866423,1.4665755,-6.368401,2.2751176
260,0,0,1,train,-18.81688,-6.0088634,-1.9695163,7.840545,-0.5892883,2.7539165,-13.627515,1.8796618,0.8806637,-2.2388036,-3.4246466,-3.0453792
106,1,0,0,train,4.5200663,7.592905,1.4196044,-2.76456,1.2261083,3.8736818,7.626948,1.5122552,-5.8151093,-0.26105732,-5.9618244,0.6727452
1397,0,0,0,train,6.0111966,-7.1031632,0.44953835,-3.0271938,10.278669,-2.379856,-4.6886272,-1.3678058,0.68258965,-2.78285,-3.3385687,0.26043648
883,1,1,0,train,-3.911954,7.7894077,-18.948662,-1.2430959,5.1614337,3.054998,4.565329,-3.0415585,1.7155946,11.168528,-4.2702117,2.7635193
707,1,1,0,train,-2.599923,19.008436,-15.082218,-4.927258,7.077219,3.2491045,6.3158264,1.9152949,2.3321118,9.65093,4.5893273,1.4796276
1579,0,1,0,train,10.892081,-2.412617,-5.8685365,-5.3269386,2.2991223,3.7970092,-3.3718326,-4.5521297,-1.466984,-4.5794635,1.0117258,3.3010213
982,1,0,0,train,7.8245373,4.230483,-2.5371056,-7.7006416,-4.2864532,0.30887035,-1.3510734,-7.0927305,11.618817,-1.700199,1.5061167,3.2425904
666,0,0,1,train,-9.328594,3.813988,10.832308,-1.3357728,-6.187178,7.5193386,-12.116089,1.8944387,4.8669953,6.335267,17.425644,-7.2193723
1593,0,1,0,train,7.775455,-7.5645847,3.1105669,-7.05427,5.9027066,-3.8666832,-0.7727043,-2.515244,-5.976485,2.0509274,1.3829705,-0.9261523
1565,0,1,0,train,10.354492,-2.9142082,0.69613624,-5.2732105,8.499707,0.7772855,-1.9304186,5.4930177,-3.5515742,-4.1776032,-1.3541152,2.2735293
1507,0,1,0,train,-1.7790715,10.386565,7.8114433,0.1935986,9.649706,3.1743453,0.86413187,-3.0136316,3.7293136,-9.21915,-3.3298352,4.0690036
716,0,1,0,train,0.981968,30.187521,-7.1500564,-5.940375,1.2466072,10.99972,-6.654142,7.291299,-3.5368226,-4.857664,-7.720011,-1.4535282
1363,1,1,0,train,6.6408477,-6.108812,-10.012031,6.9055266,-0.35475156,7.0463524,6.0813794,-6.1223297,-1.7361134,-2.8310788,3.3820276,0.46578416
797,0,0,1,train,10.444515,-2.8807852,11.56298,9.371744,3.7979634,-5.443728,2.8728995,-0.3200596,1.254346,4.5577235,2.1305487,0.009999406
1574,0,1,0,train,0.8593721,-4.512628,0.35686907,-4.372942,8.811222,13.5984335,0.82562125,-2.9220254,4.292235,-5.020606,4.434004,6.7981415
237,1,0,0,train,-0.1960018,-8.374648,-14.405236,9.918897,-7.2784657,1.6409316,8.487418,2.3209198,-1.9075762,-5.1518483,-0.23266125,2.6143825
1398,0,0,0,train,8.49911,-6.502909,0.07438258,-0.68818897,10.500083,-1.2066762,-4.3865943,0.60580224,3.5968177,-6.0747337,-3.6293948,1.3949877
777,0,0,0,train,9.074168,17.33676,17.664286,8.467745,4.0616603,-4.1711783,5.450674,3.2302985,-1.2728218,2.8083818,-1.3586924,-1.0119352
389,0,0,1,train,-6.849404,-2.5316763,8.3716755,-4.1860175,-4.6768723,3.7850564,-0.83968705,-1.0722029,7.186849,-4.7356615,-3.7539058,3.005591
649,0,1,0,train,7.2010427,-4.2368245,-0.84377337,-0.8128745,2.3333168,8.34803,1.5309306,7.2283845,1.698659,-4.276504,7.1502624,3.69291
1463,0,1,0,train,1.5526878,6.7578983,-6.516187,-8.847722,4.164935,-1.1577802,3.062012,8.348358,3.2365456,9.278659,-0.15120885,4.8435583
878,1,1,0,train,2.5028276,13.452098,-3.617861,-13.620444,-2.523468,3.3225794,5.460579,-2.2937524,-4.9421186,1.46977,1.0316768,-0.2013067
16,0,0,1,train,0.8388366,-9.464998,-10.578667,5.826182,-6.799397,-1.0768313,4.5676804,4.5164266,-5.255143,-1.2739089,-4.0737715,-4.552536
477,0,0,1,train,3.398625,-17.90661,-2.119338,1.9720689,-6.5743175,2.0145073,-4.663767,-3.292648,3.7914922,1.1700242,-2.5862267,-2.906263
1547,0,1,0,train,12.293053,3.75922,-9.999669,-2.7210343,3.7502718,6.2195716,-5.8692303,-2.1939826,-0.11708311,0.7764584,3.686561,6.4479356
494,0,0,1,train,-19.042171,-7.0522256,1.1418772,1.7580326,-4.7954373,-0.23823622,-3.5540533,7.147588,0.9328372,0.8726145,-3.0007718,6.395126
341,0,0,1,train,-24.279354,-8.205588,-7.4554496,2.7990403,6.655679,-11.36206,-19.817423,4.677722,-7.0616546,4.3110847,10.9834,10.465086
688,0,0,0,train,9.370573,-3.9471807,12.536211,5.416745,8.0387745,-3.238329,5.541523,5.5826216,3.3080604,0.049326636,1.7112405,0.63615036
102,1,0,0,train,-5.2683263,-1.6323735,-9.235351,4.198667,5.0642495,6.495184,6.694313,3.4241023,-1.6768757,0.44496363,-0.09038042,-2.1717284
1567,0,1,0,train,12.516595,-1.0389862,0.45321855,-4.8334055,6.9775615,0.7493776,-2.8841107,4.890656,-3.3233476,-5.2741194,-0.5083355,3.2058234
600,0,0,1,train,-2.3116426,-1.5645683,7.4307256,-1.3621565,1.2851224,2.1285217,1.6537137,1.6034327,0.109927855,3.3710322,-8.080871,-0.49770048
747,0,0,0,train,9.232181,-2.2502701,11.254926,11.175716,4.50866,-4.386465,4.484586,2.9767587,-1.8311365,1.6037538,4.136602,0.32808062
1552,0,1,0,train,11.7416525,-14.62405,-8.971282,4.982166,-11.288915,9.758581,-6.232372,2.6300416,2.951125,-8.333468,-1.4198729,1.2814229
442,0,0,1,train,-15.648736,3.4356458,2.0278234,-4.19852,-16.794981,6.238354,1.2329389,3.996533,7.1086473,0.9855903,3.1834455,-2.4985013
1482,1,0,0,train,-1.633848,-0.44982702,-3.7061744,2.8129692,15.98632,4.228774,0.33750546,-2.1422434,0.31073242,-7.486656,-6.0241137,1.9651086
638,0,0,1,train,-4.0687633,-15.269596,-3.5848017,0.72677433,-1.6066346,-0.34154123,-0.7265677,-1.7937489,-0.3846482,3.9704044,-0.970682,-1.6581684
201,0,0,0,train,10.787845,-3.365973,7.0999846,-0.77895683,-0.63933796,-1.535408,0.7765072,3.6693404,-6.690466,-3.8478203,2.4538288,2.644118
940,0,0,0,train,16.519686,-1.1916423,3.6202888,-2.932582,1.3923074,-11.410947,-3.1643426,1.4112573,4.8812575,-4.709575,0.4190968,-1.9168854
55,1,0,0,train,2.9484503,3.3142881,-3.5646808,-2.8370562,1.3369831,0.8748622,4.0558567,5.4881525,-8.944367,3.7668276,-9.084564,-0.051312085
236,1,0,0,train,2.3583505,-10.470053,-11.969335,9.430185,-6.1194754,0.1833929,7.7113557,0.4823495,-3.522761,-5.232108,-3.1677554,1.779247
648,0,1,0,train,0.35227996,-9.198527,-1.3975595,1.5333208,1.8987099,9.252195,6.8652205,6.393667,4.102921,-0.49051985,3.361533,-0.3423091
644,0,0,1,train,2.7079623,6.958945,6.1798167,-4.094304,0.3100116,-7.598592,7.580012,-2.2517898,-1.2893115,1.5380734,0.6310109,-2.7290895
333,0,0,1,train,-14.506398,9.117732,5.620743,-3.294045,-6.910188,0.34985825,0.9787284,5.542719,-3.4185236,-3.8459973,-5.115763,-1.0556555
365,0,0,1,train,-18.156086,-1.3045166,8.181643,-0.28901067,-7.8796673,8.311855,-0.3808293,10.555959,3.4535453,-3.4279058,-1.5031067,1.4788373
1019,0,0,0,train,11.276753,1.3145432,8.068497,-4.711298,2.4482408,-4.2912717,-2.4844725,-0.7127513,3.9271145,0.61531,-1.5120149,1.2918
745,0,0,0,train,11.953011,0.5452249,11.997102,11.016491,3.6253304,-6.038296,2.765758,0.56166553,-3.1743555,1.9928144,4.042308,0.5562917
1572,0,1,0,train,-1.1526673,-2.1444294,0.078371026,-3.0460978,10.776113,13.696167,1.8145816,-3.3718967,2.1528769,-5.054287,3.560948,4.060276
684,1,0,0,train,-6.3385663,31.235514,15.9158325,6.2514577,-5.3461466,4.809182,1.9693215,3.820211,-0.5104555,-3.208941,3.0316405,-4.0837665
1374,0,1,0,train,7.56333,11.448921,-18.501972,-8.102187,-6.956515,12.687073,-2.8947678,-2.038582,8.349952,3.2920496,5.254916,4.9450917
285,0,0,1,train,-11.972855,-2.842965,11.607811,-4.4399004,-5.201878,-0.44908005,-4.8600836,0.40599254,-0.72960514,0.06550807,-1.2051605,-1.3511941
1467,0,1,0,train,0.1518504,4.685132,-3.5786738,-4.7029834,4.7295904,-1.915391,5.198869,4.5220785,0.9104438,9.93568,-0.7206654,1.6373552
105,1,0,0,train,0.7857845,0.28690514,-1.6978959,-3.0793204,2.5784822,-0.5261937,8.554095,0.4660914,-9.279115,3.3423734,-2.0236852,-1.9513958
1076,0,0,0,train,7.4843235,2.8437824,6.338782,-2.7992525,4.176518,-8.916309,-0.9410557,-4.5361466,2.1428618,1.8075256,-8.9427185,-2.9130137
1471,0,1,0,train,3.238504,7.9562874,-7.3055744,-5.6404347,9.239719,-2.460687,-3.4656973,0.1892655,-6.0931745,8.4879265,-10.363652,2.8232343
18,0,0,1,train,0.3173776,-9.604888,-12.943817,6.1173573,-7.828306,-0.482272,4.6743507,3.5945313,-5.230003,-2.156358,-5.0097303,-5.2595935
1445,1,1,0,train,-6.3608217,24.191492,-20.890526,7.7892256,11.165961,-2.102354,-10.24803,13.246977,-2.80919,8.945871,5.7570114,-16.222204
918,0,0,0,train,11.065398,-7.4747725,1.6404535,-4.189017,-3.7006986,-4.5504994,-4.650393,-0.4947977,3.8826616,-0.63984156,0.37043083,-4.341671
395,0,0,1,train,-5.244795,-11.259911,9.282988,-0.387533,2.9380326,0.2733504,-3.2047956,-3.812866,-1.5553162,7.260586,-1.4257109,-1.4788411
187,0,1,0,train,16.84873,-4.8064556,-1.0755606,2.81036,-8.040528,2.1116552,-0.9273166,7.731739,-8.942163,-11.286306,6.578829,0.57653767
722,0,0,0,train,6.82597,-4.5643864,10.068912,8.559528,6.06549,-3.4474351,5.831347,3.6682222,7.6605105,-0.42622155,1.5155965,1.7782705
324,0,0,1,train,-24.419062,8.33252,7.717565,-2.5386713,-11.274866,0.39942187,-9.222983,1.7611167,-3.1175933,-6.3086276,-7.0424514,5.8412156
1428,0,0,0,train,9.186269,9.110705,-1.8692273,3.710207,5.0762544,-8.661932,4.357843,5.425045,3.253,6.591049,-6.921389,1.5636007
217,1,0,0,train,-1.276079,-5.4869494,-0.42563328,1.0399791,4.1760807,3.7999015,8.088903,-0.30011263,-1.7486286,-1.7619714,1.907088,-0.6833569
771,0,1,0,train,5.566639,0.27395594,4.4370713,-2.4980202,-3.0326438,-2.381579,6.6299233,-0.82086074,-5.1747413,-2.6900704,1.0370221,4.211426
606,0,0,1,train,-9.589092,0.10118882,2.598564,-10.627027,9.078778,2.0924292,-6.666413,-1.0241157,0.9966697,-4.277802,-2.038124,-5.929586
998,0,0,0,train,12.435503,-8.102212,1.6708097,-7.350895,1.1622707,-4.530443,-3.788002,-3.7213936,9.176241,-5.0514865,-2.9013376,1.7666936
854,1,0,0,train,-0.2885592,-3.4521415,0.55912703,-7.8709855,4.802282,-7.767085,5.6417646,-1.7738398,-3.1362033,-2.3389997,-0.35758138,-5.2345514
646,0,0,1,train,1.267605,8.483552,5.2484756,-3.693446,-0.89192045,-7.137847,6.9330454,-2.4641073,-1.5731817,1.3908308,1.0957428,-3.963541
466,0,0,1,train,-4.2765245,1.7314656,17.685612,2.1248786,1.037706,6.241302,-0.08854792,1.3390542,-0.49726218,4.3644385,2.2445521,-1.1761208
1043,0,1,0,train,8.677353,11.7092905,-9.457508,-2.1550777,0.28012484,2.4005144,0.79867196,12.171318,1.4922526,1.080461,-1.3450619,2.379243
265,0,0,1,train,-14.094758,10.580509,10.903517,-6.58848,-15.326203,2.597985,-2.4698522,-2.8160503,-3.759512,-3.8980715,-7.5904093,-1.1010525
1025,1,0,0,train,10.426981,7.801954,-3.6957452,-8.135409,-6.330631,-2.1856232,3.3713703,-1.9029688,7.393322,-0.3676058,12.484542,-1.7026466
1385,0,0,0,train,6.853164,-4.224421,6.8627586,7.329688,7.3620353,3.6656163,-1.346474,-5.773426,4.106474,-1.7685796,2.1515975,2.2438257
1300,1,0,0,train,-12.057308,-0.14839385,-8.770647,3.6185637,7.2769165,4.2806125,6.3471646,-6.632371,4.6897235,-1.3294859,0.65693396,-4.525231
143,0,1,0,train,5.0315475,11.405646,1.9818093,4.719976,-1.7080895,6.2851973,10.055328,3.037464,0.8083872,-2.5234394,6.221224,1.2393836
439,0,0,1,train,4.447108,-17.849325,2.479925,4.015581,-1.1323667,-1.6722939,-4.820897,-2.0777278,-3.1276803,4.81525,-2.5859213,-2.960728
436,0,0,1,train,5.4341917,-13.333463,-1.9094865,6.425881,-0.842611,0.6850503,-3.9859574,-5.4220185,-2.0168126,-0.9698344,-9.500522,1.8928277
375,0,0,1,train,-20.070807,2.7985697,9.392323,-3.803956,-1.8858234,11.027832,-7.5179596,0.17373028,-6.8340697,0.0126547795,-5.9429913,-4.657708
302,0,0,1,train,-18.200191,5.045411,5.7020674,-6.274513,-6.2402434,6.2442427,-2.1382403,-0.66485196,-1.2660584,2.4703937,4.14773,-6.082663
1331,1,0,0,train,-2.3882132,24.915209,2.4357243,-1.5457312,-3.8956373,5.720568,2.9047194,-9.394114,-2.477972,-4.729589,-1.9910185,-3.1682308
45,1,1,0,train,1.5702614,5.9194617,4.576252,0.5901626,2.8033702,0.9785369,7.354702,1.6278872,-9.90581,3.0803192,-4.2375426,-5.262052
198,0,0,0,train,15.585766,-13.028323,0.5990853,5.8173747,-10.205559,-2.3811328,-1.7863352,0.7747418,-6.0916505,-1.1158333,2.8209693,-3.8756676
40,1,0,0,train,3.0751967,-12.723415,-6.2761507,2.6471426,0.67193294,3.9261882,5.1446524,2.421037,-5.574301,-1.8028206,-3.719696,-0.6944873
175,0,1,0,train,9.704868,1.7576351,5.864472,4.1941314,5.5157323,0.32018328,7.131648,3.1681314,-3.8950715,-4.350522,4.0788417,1.5962865
790,0,0,0,train,5.3180046,-6.541024,9.793364,8.142841,8.283609,-4.4640174,5.6029506,2.9675238,7.065096,2.814833,0.7927576,-2.0332723
156,0,1,0,train,7.238524,6.415531,2.5450544,-4.6158605,1.3352753,5.435971,-1.0485103,-4.536433,-5.8237233,-6.487488,0.05563731,4.6083922
199,0,0,0,train,16.330812,-8.879296,-0.58996135,5.821792,-12.358773,-1.611984,-1.5885046,0.6099745,-5.593645,-4.4655433,0.17473346,0.56099695
165,0,1,0,train,5.655463,-3.587649,6.1665015,-1.881617,3.5121067,9.106932,5.115089,3.7744708,-2.8403988,-3.5185127,10.988967,-1.1305017
863,0,0,0,train,9.5503845,-12.164818,4.673043,-9.587515,-2.9204013,-7.2055454,-2.0264835,-3.3037326,-5.572357,-0.86031187,2.0951564,-2.3763983
757,0,0,1,train,-17.198557,1.1243429,-5.553881,7.486444,3.3936856,-5.8924103,-0.0047627855,2.9237316,6.5533524,-0.51286685,9.02125,1.8536906
355,0,0,1,train,-6.4741898,-15.017968,7.2223773,-2.7658641,0.7417279,1.8940084,-0.4145893,-1.2234088,-1.0281215,4.385637,2.2674298,-1.3387525
9,0,0,0,train,16.010262,-3.31048,-0.33183384,10.340479,-7.5273004,-4.7420526,0.86085814,7.4341464,-7.357,0.80709124,-3.0148757,-1.4864877
1379,1,0,0,train,5.7775865,21.47385,3.265357,4.6434345,-2.8525403,6.003271,-4.9603004,-8.42319,-1.0878152,-7.299068,-4.1646085,-1.3156497
398,0,0,1,train,-10.016208,-5.4409146,9.008971,-3.6604276,-1.4873292,6.108033,-5.4802556,-1.4537212,-6.086335,2.0951366,-7.847276,-0.8136564
291,0,0,1,train,-17.003141,-9.12165,-3.4388063,-1.4084469,1.2432181,-5.450055,-3.7110488,-6.1341076,-10.350455,3.7937777,6.3233123,-1.5637279
1465,0,1,0,train,1.2405517,3.0590196,-3.340104,-5.8452063,4.8685584,-2.4788187,3.9260762,3.60808,0.3222589,10.281019,-0.1658493,0.06101906
271,0,0,1,train,-14.584177,-3.475934,10.258994,-0.82368577,-1.5695177,5.9914002,-5.694828,-1.2646859,-0.6622903,5.615983,1.2309539,0.9466073
1343,1,0,0,train,-6.501099,1.7385138,-7.1021194,17.63118,7.179976,-1.0370369,5.92592,-10.527673,1.3947031,2.5305367,-0.29701865,-1.61095
1356,1,0,0,train,-2.2506597,-6.0416975,-11.683941,8.596938,-0.048294615,8.247422,-3.4868195,-10.027434,4.2758336,4.0776935,-5.346128,-1.8378439
610,0,0,1,train,-15.284839,4.0763283,1.3390833,0.3841109,-12.086174,-2.5736818,10.140059,-3.499531,-3.6520984,1.7776519,2.3176951,2.9860137
1588,0,1,0,train,4.9807305,-0.22645944,-3.3078969,-8.915982,2.587233,7.224128,4.7717357,5.0287495,2.7493336,0.6038722,9.126897,0.73542315
943,0,0,0,train,12.237497,-3.7604518,-5.5864058,-1.5230615,4.8506637,-14.462073,-3.559292,3.723777,3.947729,-4.609909,-0.9038252,-5.2332535
135,0,1,0,train,6.8096757,10.263254,6.3724513,5.2736096,0.27493966,5.2828484,3.954368,4.6888857,-1.9852064,-2.0271885,3.139112,-0.13085265
1369,0,0,0,train,8.34522,0.2209643,2.1867163,12.3410015,5.8513684,2.250812,-5.9624004,-5.5322275,-2.6134753,-7.1550083,-9.04163,1.7991943
1302,1,0,0,train,-11.06752,1.8321904,-7.9890594,2.8170385,7.238581,5.194487,5.5839386,-6.229427,3.0756445,-2.619049,1.8312565,-5.4926453
279,0,0,1,train,-14.846128,-0.47256058,-2.8316698,-0.9672434,0.97088134,1.585584,1.7235258,-0.8481846,10.442387,2.085614,-0.33765846,6.616824
1367,0,0,0,train,5.5458136,7.5316358,10.865576,14.5997305,16.531012,5.9015713,-3.5585186,-12.260259,4.062984,0.8981816,6.8644743,4.192997
1355,1,0,0,train,2.37374,-2.885512,-5.672642,17.476818,0.057233337,6.447833,3.1372914,-4.885226,0.29398376,4.036065,4.0565686,-3.9138446
1082,1,0,0,train,5.278241,3.0377688,-0.7918376,-11.337491,-1.275187,-5.532053,0.15661094,1.2700197,3.8991892,3.477811,1.0286038,-2.458118
782,0,0,1,train,6.9839816,-5.184746,0.9361866,0.019420326,-2.1441214,-7.070803,5.8929095,-0.038118377,-5.905597,1.2784009,0.412705,-2.5368018
126,1,0,0,train,-8.844401,-2.7489166,-6.188902,0.20849717,-4.221565,7.108778,10.066353,3.3945985,-1.015328,-3.1710267,-3.6824331,-2.1049888
1427,0,0,0,train,3.2678406,-7.198542,7.829246,11.122204,4.606249,-0.2473352,0.45747384,-1.7371678,-0.26354763,4.4210367,0.9243397,-0.7377603
1453,0,1,0,train,15.371495,7.599658,-14.203688,2.5330493,-7.5699906,-2.6353421,-4.1399565,13.201877,3.5909536,7.4241953,-3.5698345,2.5440328
487,0,0,1,train,-20.412323,-6.3164134,6.880672,2.5981097,-4.4297996,2.3385134,-7.1866484,11.375628,5.12692,0.6808144,0.5669696,2.932452
1357,1,0,0,train,-9.6226845,1.2820492,-20.326794,19.398436,4.0958242,4.405498,2.3655663,-17.683205,-0.56293815,10.89856,-2.1368363,-10.347073
403,0,0,1,train,-17.206459,-3.368641,-1.2059112,-6.42079,8.067846,3.5961916,-1.2664279,-3.6232274,-0.19996652,-3.2100635,-6.3099155,2.0658774
463,0,0,1,train,-16.341331,2.3626466,-1.0668129,-4.091429,-9.502004,4.084425,10.117533,-2.328176,6.4267206,2.7263227,2.5928888,-0.39861578
342,0,0,1,train,-28.352564,-8.428956,-7.2883945,6.1598167,0.008259938,-9.795759,-16.0534,7.1422133,-3.7023814,-2.92246,4.353336,12.193412
247,0,0,1,train,-21.015127,0.85676384,-4.0545683,8.005621,-6.9078197,-16.82724,0.9008223,-6.8601418,-1.8261476,3.8630013,4.9256067,17.251076
1348,0,1,0,train,8.995559,-5.676985,-3.8279371,-5.7712564,1.5916432,-3.6549947,-3.6600437,-0.7871312,-3.8046103,3.3684638,-4.34152,4.438795
387,0,0,1,train,-21.039694,-4.6950417,-2.2973824,4.2118535,4.448181,-2.5640113,3.9140003,-1.084607,-1.811855,1.4280528,-2.7078035,1.9584175
318,0,0,1,train,-11.1512375,-11.744122,4.9575586,-5.8957677,3.5262067,-2.0198765,0.72360235,-1.4871739,-2.05424,4.282448,3.116636,2.6209235
261,0,0,1,train,-11.780364,-9.740193,9.68673,-0.6096916,0.73661137,5.9907675,-10.861092,-1.3936899,-4.925993,6.3485665,2.9466484,-2.7325497
380,0,0,1,train,-5.0935884,-13.68655,9.630648,-2.8399441,1.3298526,0.5070265,0.14720699,1.1829475,3.0119913,7.4554515,2.0815127,-0.38515416
266,0,0,1,train,-10.642674,-0.19826424,11.946038,-6.7668977,-5.969907,2.7508016,-7.1322184,-8.79275,-5.789013,5.1727123,4.0196586,-3.913646
476,0,0,1,train,3.4203694,-16.720774,-2.6656826,3.7861319,-6.1721396,4.3476057,-1.9146425,-1.4002756,5.6503735,0.10926395,-4.3683243,-1.7864952
736,0,0,1,train,-11.554991,3.011143,0.55137503,-1.1966451,-13.031375,-7.027558,14.197889,-0.2409331,-4.711228,2.396078,1.8554916,-0.9857157
1414,0,0,0,train,10.924893,11.6873255,7.9125834,20.184744,-0.35999516,-0.5399295,2.418805,-1.1105113,2.5868497,-0.52866393,5.018912,-1.7079524
1014,0,0,0,train,13.052492,8.396215,11.992838,-0.65574104,-2.885461,-5.5325556,-1.9542224,-1.325733,6.4356775,0.5311761,0.72370845,-2.4644744
314,0,0,1,train,-17.570816,-3.7126262,0.8582982,-2.7227628,5.904113,-2.986438,-20.069479,0.7454439,-6.2455177,13.054264,8.74867,-7.6674333
432,0,0,1,train,-6.7244797,-11.626094,8.930793,4.961668,-0.62381196,1.2118651,1.307092,2.6829994,8.206161,4.3147774,1.9422958,-2.9611835
1458,0,1,0,train,10.778116,11.579171,-4.658567,-6.240497,-1.6194303,0.0030252065,-7.2173247,1.4893981,-8.7976675,11.811216,2.28701,8.163975
1523,0,1,0,train,6.7296357,-9.011786,2.6403491,-2.2659214,5.037364,0.53722256,1.9918177,1.4891921,-2.9342794,-2.0719569,-2.2639558,0.3251915
920,0,0,0,train,14.786927,0.40348333,7.133539,-0.38126054,0.8016878,-6.8605328,-3.5753014,-2.301437,5.0739675,-4.455849,-0.008116781,-1.0145725
123,1,0,0,train,3.748739,-10.687844,-4.641434,-1.7943815,-5.8175874,3.3758194,3.211503,0.309907,-7.6993666,-3.3131921,-0.44359386,-2.2177935
731,0,0,1,train,-3.0586085,6.5296206,10.387238,-1.7550873,-6.513737,-4.1474423,7.9540772,-3.238786,0.769383,5.435403,6.504005,-1.9530405
1345,1,0,0,train,-11.383073,2.747184,-23.947964,23.964645,0.50658643,9.513536,-1.2158147,-6.0704846,-5.5672812,-3.615026,-1.7403115,-17.230888
846,0,0,0,train,10.312715,0.089341626,3.5238888,-8.796876,1.2468758,-9.099152,0.29364917,-0.19532996,-2.8060694,-4.672861,-0.75237876,-0.08264393
448,0,0,1,train,-15.318583,-2.5460525,-2.6214983,8.863079,3.3186033,-8.36176,4.868488,-2.3598902,-7.2374845,-2.9841125,-3.626565,-1.6451029
907,0,0,0,train,18.728039,-7.7095456,-2.645463,-4.1780815,-4.521158,-7.202128,-5.8740845,-0.54243606,0.6397731,-5.5198646,1.1295854,0.4150612
735,0,1,0,train,3.5978324,-15.175337,4.299856,4.634208,-6.509848,1.0594687,3.9292297,6.9353046,4.278078,0.42420316,2.114135,-1.8072593
1478,0,1,0,train,6.7437205,-0.9425698,-2.0370934,0.58172905,-2.9804132,7.4599185,2.7333004,4.2193584,-3.2678773,-1.8755661,8.782724,0.15355836
1540,1,0,0,train,-1.4133171,14.216636,2.754725,-4.8186674,11.562928,9.442758,1.138099,1.9968114,-3.8737013,3.0576825,-6.343362,8.809652
41,1,0,0,train,5.1427565,-10.591287,-6.3818984,2.3777437,-3.8669765,3.193209,5.3331814,2.2072563,-5.4076014,-5.6479535,-6.064106,1.4585471
919,0,0,0,train,10.615076,-2.163052,0.37357938,-3.2450917,-2.9933264,-3.050579,-4.0814905,-1.4209663,6.4656496,-3.4371068,-4.6039267,-2.2493331
295,0,0,1,train,-17.43635,-4.1502953,7.5200067,-5.8367376,-7.3935394,4.4661493,2.9108045,0.9580682,-0.06346426,0.34818402,0.80944216,3.1307478
990,1,1,0,train,16.58265,10.138905,-18.099857,0.595762,-16.170237,3.1042304,-6.882445,-0.45774972,8.4358835,-3.8549447,7.756597,1.2128532
975,1,0,0,train,8.832917,8.895941,-3.3033812,-10.464662,-5.4052596,-3.0965583,-4.372105,-9.644325,7.3031297,5.177119,7.593205,3.6651118
847,0,0,0,train,6.79228,-6.6367497,2.742997,-7.153783,6.786106,-12.000249,-0.80248404,-0.059805878,-1.5270933,-1.4684062,2.3472404,-4.310576
927,0,0,0,train,15.983259,1.3827904,2.6619675,-0.20159379,0.4424743,-8.864382,-5.885668,7.8603168,4.746244,-0.48330933,0.97375333,-3.3518572
4,0,0,0,train,10.053771,-4.198242,8.541832,4.756289,4.78061,-5.0422544,4.644658,2.4488056,-9.719215,4.931084,-0.82534915,-1.8934569
1099,0,0,0,train,9.702495,-0.29747134,3.8341525,-9.314748,4.897981,-10.3788595,-2.9873714,0.08045354,3.969028,1.120879,1.3688122,-3.3473103
124,1,0,0,train,-7.816735,-1.781423,-6.7405343,1.3673346,-2.9642196,7.7875166,10.9586525,5.047047,1.4218664,-3.993235,-3.8540297,-0.5559386
1473,0,1,0,train,5.08284,-17.199404,-8.5021105,2.0130422,-5.479612,5.9208217,-2.4303312,1.9072293,1.9723843,-2.281069,-3.6741695,-3.2624922
697,0,0,0,train,6.297469,-10.6971855,10.455668,-2.3027089,4.0722313,-3.7472258,2.0299017,-3.3185546,1.5731732,-2.4958334,1.027437,0.77786875
57,1,0,0,train,-7.2877736,5.322713,-2.9829388,-0.41652465,1.6671964,-0.8140917,8.742713,1.1828083,-13.299835,3.8317885,-2.1778297,-5.8537593
1055,1,0,0,train,-9.74547,1.4260174,-6.9526815,-6.908257,7.8424606,-3.4422219,5.707324,-3.0606914,3.4770877,-0.5284565,4.058473,-6.942643
1334,0,0,0,train,11.901075,-7.467339,-5.694913,6.284957,-5.936253,0.6502499,-9.750051,-11.255401,-8.775893,3.746249,2.5949142,2.2933815
1071,1,0,0,train,-5.2505145,1.5914211,-3.2588782,-7.632511,-2.256563,-7.5873346,6.263722,-3.0363624,1.4461219,1.1093273,0.12959756,-6.441152
997,0,0,0,train,11.891755,-12.563049,2.6882224,-11.041745,1.7416626,-5.741448,-4.4125185,-3.7898707,8.409788,-3.1220088,1.0017116,0.40897498
485,0,0,1,train,-23.038307,-2.4898202,5.1656837,2.59961,-6.1629033,-0.24137852,-6.396005,12.719851,5.164201,-3.5113728,0.7345722,4.1284733
1024,1,0,0,train,8.350419,13.396468,-3.4103787,-8.2685375,-11.233737,-2.161479,2.8471375,1.0002601,9.872723,-4.4590254,6.3767467,0.08489388
963,0,1,0,train,9.658537,3.6746063,-10.776423,1.7855139,-2.37434,0.6531489,-6.2664104,4.794859,7.955189,11.148917,-5.0224123,3.5546975
1513,0,1,0,train,4.4508686,-8.338745,-4.0559196,-7.578726,5.3968897,1.0104295,-2.221644,0.5960747,-2.0570068,-2.1242926,-0.3740704,-2.1992688
14,0,0,0,train,10.612491,1.2267699,6.4640803,12.1387615,4.8127937,-1.1980596,6.040106,7.6127615,-3.1866686,3.5784984,-0.7086953,-2.3303456
789,0,0,0,train,5.1308265,-0.7977487,9.304513,8.086352,9.024393,-4.333026,6.597655,1.8915495,7.088389,0.5214995,-2.890835,-1.0531831
751,0,0,0,train,8.727167,-15.3069105,3.4337432,4.293116,-5.194679,-3.473094,2.0138876,0.12844443,-3.890649,-2.1565554,-0.5108372,-2.3506196
130,0,1,0,train,2.8959498,-5.192906,0.8610344,2.6899564,11.704603,1.3202358,3.4738867,5.192525,-0.6917314,-3.9887679,0.80231756,-0.10446016
441,0,0,1,train,-13.910038,-5.3256035,4.7443604,-4.6694374,-11.825029,5.8571143,-0.32001972,4.0192404,6.3318596,3.1180108,5.286548,-0.7880422
1053,1,0,0,train,-12.311845,4.035651,-10.19053,-6.00342,7.210184,-6.738681,6.4565206,-3.0916986,1.9284433,-1.9303176,3.4662259,-7.8937516
1022,1,1,0,train,11.39156,0.26523182,1.1503915,-12.663402,-1.2527351,-7.841652,1.8730624,-1.8481054,2.6436496,-4.971349,-0.043643083,1.2864541
254,0,0,1,train,-1.7687275,-2.8493457,13.9786,6.0909443,-0.49090034,2.9167964,1.2569923,5.188627,1.6218594,3.694283,-0.8391173,-1.1557586
54,1,0,0,train,4.9490466,4.8785443,-4.310224,-3.2847893,1.2111069,0.012149627,6.0117745,0.98432606,-8.326705,7.024017,-3.1092286,-1.2222946
346,0,0,1,train,-18.135386,3.1665487,-3.9423966,-0.105241455,-10.738486,-12.377772,2.5838392,-6.440297,-3.1966848,-4.389459,0.36263376,15.862188
1486,0,1,0,train,-0.90024483,-5.2819953,-1.6908116,-0.6074316,5.459783,4.6010804,8.063379,1.8643223,0.2915496,1.5479283,5.946729,0.5383682
1056,0,0,0,train,11.968101,10.457912,19.903532,5.3319945,4.6094956,-2.9533603,-0.533292,-3.1098516,3.203167,-1.7223994,0.3065884,3.9164617
1411,0,0,0,train,7.639743,-6.312723,2.558238,6.851195,1.1163054,1.2207545,-4.984033,-5.4839854,-4.217173,-2.044425,-9.807833,-1.0996802
1373,0,1,0,train,7.006544,8.918016,-18.799332,-2.6595495,0.1342175,10.420674,-3.1726441,-2.2676978,8.750031,6.8349156,3.0625293,5.5163603
626,0,0,1,train,-24.932444,0.24562444,-0.016961096,9.414797,8.089786,-14.53745,-5.4525905,3.7503183,5.1119037,-9.535054,4.1714587,6.6596985
799,0,0,1,train,9.962183,-1.5426766,11.866046,10.569756,2.7084866,-5.1723137,3.0690358,0.8751316,0.32939118,5.7845526,2.3639905,-1.0292181
1354,1,0,0,train,-5.424585,4.961748,-7.143649,13.800119,-2.0972328,5.875385,7.347899,-3.6592457,-1.6447984,-0.9393403,-4.4227605,-1.7638093
911,1,0,0,train,0.24214387,-0.943494,-8.851327,-3.8293452,-2.0622563,-4.375636,3.2185817,-4.3990774,2.8704572,0.9782192,-7.356667,-1.7143705
1450,1,1,0,train,10.48188,19.291103,-5.640371,-3.9154909,-1.6489964,-4.1317263,-3.5121634,0.8995536,-5.9837165,11.434764,6.7882957,6.060277
1436,1,1,0,train,3.9902925,5.949101,-6.574471,-10.2676325,2.0705862,6.076689,-2.0830479,-1.9489815,-5.04843,1.3481632,-4.321823,5.5138407
905,0,0,0,train,18.516802,-8.054061,-3.1085284,-3.42635,-4.5600324,-7.362917,-5.8137927,-0.68880117,-0.09692652,-5.143711,-0.06323732,0.028955845
1584,0,0,0,train,7.9796915,-10.794142,1.6796918,1.2277681,4.3105874,1.7691187,-5.0366282,-6.605296,-7.95514,0.6456434,-5.7113585,4.680718
134,0,1,0,train,6.3836536,1.8663423,3.7670052,7.3353786,-2.0447679,4.9263244,7.111247,3.5321095,0.50424117,-1.8464043,4.196853,0.6154527
317,0,0,1,train,-10.19286,-3.8121345,6.012357,-6.7435513,0.53240913,-0.39931065,0.37486005,-0.44552583,1.7843645,-1.9853495,-4.6227927,4.5785766
1483,1,0,0,train,-0.39812818,-5.5250435,-2.3212497,0.9442845,15.240388,2.071519,0.33877748,-3.663518,-0.33475047,-3.4233048,-4.605539,1.9322383
60,1,0,0,train,-1.1326327,13.580344,0.9176376,-11.550839,-6.9295077,1.063989,6.499154,0.9098895,-13.695475,0.55408454,-3.2878833,-1.0110316
1581,0,1,0,train,6.5697427,7.211396,2.6452417,-4.6514773,3.641349,7.9094224,0.32509786,-3.2237475,-10.316023,-5.997117,2.4508379,4.101146
1457,0,1,0,train,9.802541,11.269383,-3.7395952,-7.8795176,0.5311746,-2.383408,-5.0548935,9.38911,-4.827012,8.725781,-4.673415,5.948449
283,0,0,1,train,-23.940361,11.103387,8.600471,-2.3369994,-10.622627,6.9068403,-6.348224,12.269211,-1.39933,-7.982977,-7.3299313,-0.51327133
687,1,0,0,train,-0.36247015,12.076053,16.889782,-0.83867335,-1.5911946,2.3343818,3.3203347,0.422586,-3.1273296,4.738007,13.479723,-4.3607583
129,0,1,0,train,4.385472,-3.0172863,3.5160804,1.2786508,9.334808,1.9159224,2.670412,5.6863117,-2.0619605,-3.9294648,0.31049642,1.0131611
1050,0,0,0,train,10.020238,5.5906515,1.577716,-10.501002,-0.22821036,-7.0294223,-6.378982,-9.34545,3.0031857,-2.83184,-0.4063547,1.9044278
1338,1,0,0,train,-6.9756227,-13.211456,-9.426997,11.428599,-1.5812801,9.626471,-4.7346096,-5.5794353,4.031267,3.3506818,-4.2931027,-2.5243943
1012,0,0,0,train,14.334629,10.0587,13.267242,-0.43232736,-2.1745296,-5.6528273,-3.0038242,-1.4989798,5.950682,0.4645974,0.5568626,-2.6217515
469,0,0,1,train,-21.289251,-1.2487395,-2.1101568,-1.7365648,0.39792025,8.4336815,-7.5463943,-1.5545701,3.6825986,4.0382323,-1.5844203,0.9824442
853,1,0,0,train,-2.4259346,-2.3482153,-4.3957677,-7.103884,5.6433163,-10.086616,6.507767,-6.222848,-8.133063,-0.07545295,1.2034088,-8.911756
369,0,0,1,train,-1.7931753,-5.2661796,10.863178,-1.0572054,5.162181,0.7214919,-4.1337047,-0.8172245,0.2815352,2.2030272,4.0138416,2.4497714
746,0,0,0,train,12.075271,4.492323,12.68217,8.722131,2.1878126,-3.706731,2.326601,4.3790345,1.012683,-2.8042455,-1.8658311,2.3549364
733,0,1,0,train,4.789929,-15.3326235,4.722886,3.9771485,-5.8914366,0.80694985,3.527715,7.0809793,3.5208035,0.056279942,2.6136692,-1.4701027
300,0,0,1,train,-20.632242,6.4692626,3.3318663,-5.045939,-4.5102115,4.933722,-2.3234365,-1.6661795,-3.1440992,3.0299613,5.0760236,-4.855398
1454,0,1,0,train,14.249519,18.033037,-9.934907,1.7892685,-8.374286,-3.079031,-5.4352517,6.266083,3.4053454,10.3369875,1.6555165,5.440144
384,0,0,1,train,-15.589295,-5.902788,1.0786483,-0.7326351,6.091113,5.0467834,0.22768772,1.1834826,0.5419471,0.063894,-9.4721985,2.14138
630,0,0,1,train,-14.963765,1.3211653,-3.2313745,-3.764916,-4.7534685,4.849462,5.9205303,-2.760786,-1.5523866,3.3049781,-3.7626832,-2.4280374
340,0,0,1,train,-32.037342,-4.1289845,-8.978566,7.7242327,1.2660584,-12.427158,-15.293178,7.9950843,-3.7828703,-5.2667146,5.4756784,13.682975
239,1,0,0,train,1.1850944,-10.213187,-11.063656,7.4406276,-6.8073287,1.8466865,7.98735,1.0549737,-2.9926114,-2.9884665,-0.032595247,0.98172677
406,0,0,1,train,-21.551594,3.8766448,-0.63584083,6.994244,-2.991475,-3.5021405,6.281903,1.0472816,1.6137531,-3.3904288,-5.3336163,13.621794
1558,0,1,0,train,3.9655657,4.5672264,0.95433253,0.784838,11.129555,6.287894,6.1574726,7.508372,9.227864,-1.7355202,2.6260004,-0.07141655
603,0,0,1,train,-5.2619967,-5.589649,2.864942,-4.1022387,3.732813,2.8626764,1.1317873,0.013649533,-0.50996834,2.2418475,-5.811008,-0.14933868
909,1,0,0,train,2.3873363,0.33995268,-7.454081,-2.2399068,-2.3042521,-3.8329043,-0.31105578,-4.3346586,3.2670112,0.8478523,-9.066599,-0.07143474
741,0,0,0,train,4.408074,-3.055848,8.957848,7.622187,9.664632,-4.65684,4.977672,0.039186966,-1.7345297,2.7406094,1.9161,-0.8659508
453,0,0,1,train,-11.720312,-8.444147,2.7919831,-2.3027782,3.9210682,1.5932915,0.8761973,-3.293882,-2.6414382,2.9604373,-2.9779756,0.42040446
1591,0,1,0,train,4.025788,-0.9751059,-1.6961632,-9.569544,3.9854083,8.732522,5.5894184,4.988197,4.025907,-2.027305,5.9152293,1.373227
1546,0,1,0,train,11.716655,3.947434,-10.824776,-3.5050113,6.141637,6.623275,-9.732638,-0.7111267,3.041027,-0.4249642,3.123146,7.413173
636,0,0,1,train,-5.661967,-16.111763,-3.667497,0.028913883,-0.6916184,1.0403475,-1.28443,-1.3968574,0.80870503,3.679295,-1.5754383,-1.624348
850,0,0,0,train,11.751331,-4.237695,4.9890165,-5.142228,2.5113592,-8.073632,2.4459262,4.625215,0.7684797,-1.0590957,1.349928,-4.2555065
146,0,1,0,train,12.2512455,-6.1950555,6.006739,6.0008974,2.2031553,2.283418,2.6544735,9.523854,-2.5972521,-5.075676,6.5291715,2.4583762
308,0,0,1,train,-14.00046,-6.84618,5.711789,2.2853668,-0.8025333,-4.5457525,-2.2390783,-4.6818523,-6.6636095,6.0200205,4.773903,3.4670606
211,0,0,0,train,6.984248,-17.018349,-4.990072,7.6512504,-9.653034,2.799262,-0.5414166,4.477407,-1.7513918,-0.865875,-6.1883464,-3.448921
659,0,0,1,train,-1.833897,10.365512,11.665719,-1.9364626,5.6537223,1.9226419,-7.6512017,-8.015381,6.360327,-9.10506,-2.6505086,-3.2536118
1449,1,1,0,train,12.0270815,21.020786,-5.989882,-3.2371926,1.5996206,-4.7627964,-3.2776701,13.644734,-4.67808,8.502922,-1.3642251,4.745021
478,0,0,1,train,3.020608,-17.202414,-2.0197911,4.002163,-6.914413,4.0808873,-2.9318686,-1.0777962,5.8384047,0.5114049,-4.3029823,-2.512127
1443,0,1,0,train,8.790487,4.6577477,-7.677855,-9.299011,1.2158846,2.1052742,-0.8379184,5.128131,0.16644797,1.0337852,2.1454177,4.0279026
1511,0,1,0,train,16.729128,-1.0000085,-2.9255686,-2.7463973,0.68601906,-1.482221,-7.2175636,8.541998,0.99977887,-5.9195366,3.1524985,2.850065
839,1,0,0,train,-13.120838,7.7642074,-19.341808,-4.208826,5.733768,-11.458297,-0.41832903,-0.45183972,-6.46611,-7.3284607,-1.7936399,-15.227387
172,0,1,0,train,11.264809,5.5589976,6.6333456,6.217983,4.432961,1.4780694,5.9681215,6.448808,-4.282442,-6.398873,0.073264435,3.7838778
343,0,0,1,train,-25.479548,-7.264348,-10.36917,3.7526102,6.1055617,-14.600949,-22.127638,6.940654,-8.076984,3.7110772,10.214049,13.174807
397,0,0,1,train,-3.457092,-15.204465,5.612994,-6.644255,0.8232381,0.0026861192,-5.630267,-2.5655959,-6.092161,7.17723,0.4771954,-1.3945049
1327,0,0,0,train,4.05346,5.600005,-2.1078858,14.680582,3.1042595,7.95067,-0.6605271,-8.307407,4.8812466,-2.0336397,-4.5158916,0.66528684
609,0,0,1,train,-9.141776,4.095366,9.765507,0.019272218,-8.93266,2.4563074,5.8975596,-2.6367111,3.247281,1.578615,2.1921024,2.8913202
1459,0,1,0,train,8.915834,11.640572,-5.1085615,-7.3245134,-0.40752313,-1.746958,-5.9761853,7.8662505,-5.755482,10.474694,-4.6731753,9.273295
417,0,0,1,train,-19.346296,6.8297524,10.133332,-1.221541,-2.3437033,6.517021,-1.5433726,2.4118676,2.8310556,-2.4453433,-3.8963606,-0.9476019
483,0,0,1,train,-31.402077,13.332643,-8.290776,6.436647,6.1941843,-11.531609,-4.0521035,5.7936,0.19624622,-16.39097,7.467208,0.0025854704
683,0,0,1,train,-14.997093,-1.0221177,-10.594618,9.030214,-4.647427,-7.4328904,17.14204,-6.83768,4.213147,7.242127,-3.8868773,2.5214202
1005,0,0,0,train,14.162332,-7.134616,-2.684861,-9.479987,1.7864321,-5.476511,-5.736757,-2.333341,3.1589777,-7.3849344,-1.726147,-0.2336289
207,0,0,0,train,16.589294,-0.06989091,1.4419998,4.9219747,-10.058672,-4.477922,-3.2624824,-1.4392841,-10.2867155,-3.6952713,-4.5700393,-0.79057527
1066,0,0,0,train,12.461836,-0.7203956,2.2822363,-3.5471263,-0.5957308,-8.65637,-6.5089626,-5.761981,5.586442,-0.72687614,-5.9159503,1.7420585
1401,0,0,0,train,12.48697,17.715672,8.031296,13.174401,-4.2626247,-3.0366163,-4.6756015,-4.137054,-1.7075496,3.8156905,-0.12035626,1.1493402
1365,0,0,0,train,5.896621,10.530506,10.064382,13.879272,16.993986,5.6065145,-4.9853835,-13.680488,3.0072484,1.5382774,7.549128,4.765803
1440,0,1,0,train,11.4664,10.6830635,-5.946985,-5.4131117,-0.7559859,1.56635,-2.936216,3.1333437,-2.198177,2.6890419,7.1221623,2.3962064
1095,1,0,0,train,1.3755854,-3.6230068,-11.738287,-4.703055,-0.39899194,1.5733563,1.1971529,-2.5103981,4.0280623,1.9158556,-4.993648,-1.1050166
1306,0,0,0,train,14.345009,11.32175,9.849535,11.33279,0.8285436,-3.0535603,2.6471465,-5.7044926,-1.7118818,1.7774256,6.0044446,-1.8495214
1419,0,0,0,train,4.510159,-7.0235314,-1.8989472,8.863449,-8.641149,1.9190538,-6.5966396,-2.5426123,-2.650377,-0.7516985,-7.960171,-2.2641494
1563,1,0,0,train,-4.4633856,-2.8138843,-6.220017,-5.099473,13.209921,-0.39978135,2.0970778,-0.8524908,-1.0094045,3.9358625,-4.43489,-3.2022007
1094,1,0,0,train,5.0740457,-5.0817804,-9.390867,-7.924009,-0.021918917,-1.7762822,0.36496422,-3.0238168,4.639924,0.040771645,-2.6738858,-1.2545035
835,0,0,0,train,14.279451,0.4883433,8.047575,-5.716441,1.7014744,-10.245015,-0.8289498,-2.170674,-3.5961063,0.91445684,3.0066638,-4.315869
1004,0,0,0,train,13.468292,-6.167604,-2.6761234,-10.665281,2.8940501,-5.7620378,-5.352546,-2.344523,2.6544547,-9.193757,-2.945587,0.17310734
758,0,0,1,train,-22.414532,3.6564963,-12.595012,10.725167,3.8377767,-14.7257805,8.9948635,2.7429018,5.124845,-5.875874,9.486938,6.7373757
1359,1,0,0,train,-15.135798,7.803044,-25.806278,20.516012,5.5461473,1.1212869,4.7722697,-20.08832,-3.1427014,10.788286,0.07877745,-15.782326
1529,0,1,0,train,9.038948,-9.880551,-1.8177619,-1.5948027,-0.67174673,4.513005,3.894222,7.244429,-1.0274895,-4.0471854,4.435011,1.3519689
467,0,0,1,train,-1.5440843,1.6812804,16.689133,0.37376904,-0.74618256,7.2445784,-1.6746901,0.7269811,-0.17099282,1.5555468,-1.209661,-1.5054042
693,0,0,0,train,3.979288,-1.5511104,14.941574,4.072473,7.05309,-2.3057406,4.7793913,2.799733,2.8930418,-0.55925953,-0.19868316,0.33071867
1405,0,0,0,train,13.779799,5.4000187,13.018707,20.553003,5.89947,0.55575335,-5.0202365,-4.0316467,-2.260938,5.884389,1.8778652,3.2464466
1573,0,1,0,train,-2.67577,-4.723037,-2.374905,-2.7806888,9.287759,8.561171,3.4767673,-3.1627555,-0.272878,0.41195247,7.44262,2.0957332
1487,0,1,0,train,2.9117298,0.18043609,1.0935302,-2.0136805,4.6090403,6.777441,5.270717,5.98859,-0.23317613,-1.9934031,1.624253,2.42702
63,1,0,0,train,-1.9072076,2.4661505,0.67605436,-6.282863,1.0038804,0.77960575,5.631891,-3.4003477,-13.126113,4.8893895,6.0259295,-2.7536073
670,0,0,1,train,-19.106937,2.3788624,-1.4743334,4.3078504,-4.5021763,-14.066521,3.2870786,-4.1779356,-1.9650558,-3.9348495,5.163471,19.965971
1386,0,0,0,train,5.7325454,-6.7710567,5.6173863,5.5005693,7.3775787,2.1794755,-0.06681795,-4.6907606,4.6977468,-1.5098287,1.9652021,2.503235
35,1,0,0,train,-4.2455106,13.810836,-4.5195065,-4.120829,0.26101846,9.1503,9.497601,-5.948442,-0.39648178,-5.533531,9.615735,-3.3137138
1448,1,1,0,train,12.68562,16.806349,-5.097739,-4.8543386,-0.3228041,-3.2527204,-2.4508262,4.392549,-5.418905,9.646132,5.6998053,7.0415964
1553,0,1,0,train,10.11493,-15.983664,-9.171761,4.956763,-10.740096,8.761681,-6.6201844,1.4135442,2.7890382,-4.808915,-2.9710906,0.558953
228,1,0,0,train,-0.6754862,3.066411,-4.461891,-6.0858774,-4.9603643,2.0959816,7.423117,-5.321567,-4.086877,-2.6230228,0.56830335,-3.4325845
131,0,1,0,train,5.0184073,-3.5367517,1.9447297,-0.038650393,8.49155,1.4152684,2.1895077,4.5706863,-3.7811024,-4.646138,1.2469093,0.33177033
1389,0,0,0,train,4.2403417,-7.8652925,4.67214,0.78424144,7.666159,3.293309,-3.3449306,-3.2757673,7.2313113,-3.9619172,-2.2239609,2.9964426
858,1,0,0,train,0.60387427,-2.5526917,-1.7859591,-6.5946965,6.138256,-2.8540633,3.2281904,1.1189443,3.538827,-5.517878,-0.8949042,-2.7006462
144,0,1,0,train,10.7470665,-8.260558,5.856983,5.8184605,3.7239163,1.4005486,3.9656243,7.8311124,-2.091058,-4.108014,5.7444077,2.4383981
1475,0,1,0,train,5.2637186,-16.028728,-8.418052,1.8041445,-6.010682,6.8755035,-2.7653742,1.5570724,2.9967108,-2.023551,-3.498224,-1.9396203
1578,0,1,0,train,10.39029,-3.7331543,-6.652607,-4.720396,2.6201024,4.9646506,-2.427246,-2.852125,-1.5474007,-4.791166,-0.20741883,3.4980164
1319,0,0,0,train,17.527058,10.645798,-10.415145,23.503218,-15.312499,3.961372,-11.679448,-11.678267,0.4072105,1.4890996,6.9673877,2.791763
185,0,1,0,train,17.84989,-4.8197093,-3.6209621,4.271432,-9.747273,3.1396601,-2.2830074,8.477391,-8.925442,-12.467885,6.0885577,0.1137116
1312,1,0,0,train,-16.285324,-1.7776526,-13.323391,16.428265,8.983847,-2.975018,2.4146943,-5.1043634,3.1098342,-8.096229,0.10426999,-6.026288
699,0,0,0,train,6.5091887,-11.607611,10.114371,-2.2728338,2.6894286,-4.1706495,1.8671631,-2.9123096,2.1328723,-2.4323237,0.9753333,0.13204618
204,0,0,0,train,16.060026,-0.23435983,1.2558237,8.167209,-9.257386,-4.622933,-1.7360312,-0.4224952,-10.445338,0.10683081,-0.9385388,-0.46557063
379,0,0,1,train,-12.145209,-11.649402,5.4767866,2.6549742,3.8716943,4.065338,0.30434307,0.58215517,8.423016,1.0246438,0.23811966,-1.6525772
170,0,1,0,train,8.231447,4.544109,-2.4767828,-7.3355165,-0.97981066,4.117717,3.8811984,2.233152,-9.8623,-9.645622,7.4941807,2.275051
796,0,0,1,train,8.7671385,8.0777,9.525191,11.96814,-1.0109825,-3.967341,5.244091,0.33699003,0.21219791,2.6017978,-4.7231607,0.2905194
17,0,0,1,train,6.296387,-15.567449,-8.712662,6.041678,-7.7290926,2.3569765,-0.46713284,6.4168077,-2.9705675,-1.7350687,-4.4278193,-5.739554
1003,1,0,0,train,8.045473,-4.4423923,-2.4134405,-10.370671,-0.51388264,-5.1587644,-0.0033303068,-4.284492,4.0262337,-2.8465116,1.3447939,-1.2426845
970,0,1,0,train,-3.7252066,2.4696152,-7.5523143,-7.3549175,7.728154,7.4899907,-0.21808417,-2.1277795,0.17058273,-1.05548,-3.2220173,4.466793
100,1,0,0,train,-4.512778,-2.8089094,-8.482969,1.394679,5.3509865,6.77631,5.697582,2.332939,-0.8451741,0.47622535,-1.9818946,-1.4424589
116,1,0,0,train,-7.5316854,1.3695569,-4.900852,-0.09212818,-0.054606233,9.581156,12.712009,-0.069237806,-2.5275733,0.6572947,-4.6084967,-0.19226207
1350,0,1,0,train,9.342829,-3.3812833,-3.3073869,-6.160449,1.8006756,-2.7440546,-4.0053787,-1.5649871,-3.9714682,1.9769531,-5.367435,4.797461
966,0,0,0,train,14.206745,-14.560234,-5.899881,-7.6068144,-11.595798,-2.4984214,-5.053617,-2.8091185,2.5119457,-7.7620225,-0.39117444,-4.007614
248,0,0,1,train,0.39943373,12.126587,19.673944,1.0016093,-2.522369,-1.5492,-5.9705563,-2.0031474,0.13836904,2.5521076,-3.9241269,-8.078078
1585,0,0,0,train,3.9873586,-13.313023,0.5303634,2.0192525,4.933188,2.3328867,-4.8322816,-3.6313787,-6.096453,1.2720209,-5.1586967,3.31743
972,1,0,0,train,7.8467097,6.616653,-0.44126388,-13.337798,-8.973868,-4.2526054,-2.018127,-6.823378,4.9002466,-1.5224973,-1.2177258,0.23014435
456,0,0,1,train,-9.351732,-10.184912,4.5008817,-2.3633919,-6.6856337,5.5963283,4.9842114,0.97227293,3.427386,4.8817234,5.855285,-3.5055141
428,0,0,1,train,-25.260344,0.4698706,-5.147077,6.6216416,-3.540539,-10.149294,4.941957,1.783018,-2.9505107,-3.0006442,3.8521917,5.5065074
1543,1,0,0,train,-2.280772,10.585592,-1.8016659,-5.976787,14.920018,9.773926,1.6016254,-3.8591676,-7.3082795,1.4317174,1.596392,7.69256
22,1,0,0,train,7.734402,2.475445,-7.7724075,1.7220457,-3.6994894,-0.8613153,3.189326,8.091503,-7.750832,0.15012443,4.4598045,-2.7007205
672,0,0,1,train,-16.22571,10.603755,8.017353,-10.972421,-10.770096,7.560905,-7.732788,0.64900184,0.549372,-0.03625317,9.419887,-6.3385324
1035,1,0,0,train,11.786801,16.074696,3.692938,-0.2676102,-0.17380704,-6.5025177,-2.209655,-3.526923,4.372328,2.72059,-4.179319,-1.3738393
1437,1,1,0,train,4.6956606,7.211727,-7.9243317,-8.567943,4.73582,5.6698046,-0.5917802,-1.7316899,-4.56756,4.298944,-3.342531,6.0920677
1318,0,0,0,train,16.49174,6.4195743,-6.028502,21.26058,-7.413079,1.5196831,-11.032409,-16.787409,-5.886348,6.115531,15.148558,1.794532
191,0,0,0,train,15.615993,-6.8415275,-0.7552629,7.4309564,-6.526284,-2.3287065,1.3652003,0.25508907,-4.709295,-2.7677886,-0.44823068,-1.194717
1451,1,1,0,train,9.353517,18.93174,-5.6618857,-4.8296986,2.5330863,-4.8743877,-2.5830286,9.939869,-4.5367665,8.343113,-0.4555092,4.614113
833,0,0,0,train,15.841093,2.732651,8.339,-6.217613,0.40229028,-11.305051,-0.853951,-1.5618043,-2.41609,0.97255266,2.809715,-4.3358817
1531,0,1,0,train,7.962767,-9.908196,-1.8174311,-1.8518853,-0.55121195,5.2905235,4.838028,6.2519016,0.5461593,-3.1112356,4.099939,2.2932823
1439,1,1,0,train,1.3262316,6.976552,-8.008413,-9.194602,6.2590384,6.1266823,1.6623709,-1.7350098,-5.038943,4.790537,-2.5550117,4.8219104
848,0,0,0,train,12.464298,-1.841884,3.4713018,-3.8453176,1.1608852,-8.7779875,2.581926,6.414569,-0.25082737,-1.0558705,1.2342459,-4.03159
952,1,0,0,train,-3.2079842,4.261904,-4.9859056,-6.003381,2.8258421,0.7805564,0.83892137,-6.161978,7.1013675,-1.9427235,1.7561333,-4.191794
215,0,0,0,train,14.556559,-4.1005797,-1.4220384,8.762848,-7.5040913,0.6464589,0.14849271,3.5104783,-0.5901107,-0.81448835,1.2740507,0.1108277
1477,0,1,0,train,10.488398,0.2001058,-8.525715,1.8306102,-3.700824,7.5748444,-1.861924,6.01517,1.27667,-8.989153,3.9225328,2.9902773
335,0,0,1,train,-16.714684,10.430459,6.2807055,-0.9375307,-7.3518953,-1.0159873,-2.0804665,6.950724,-4.26315,-5.160304,-5.8700776,-0.44246984
431,0,0,1,train,-19.301338,-3.1220357,-0.48913404,2.5180874,-3.983504,-4.977243,4.893343,4.463162,1.866183,-0.080393344,2.4947426,1.874644
1492,0,1,0,train,3.8837106,1.2384079,-7.7321353,-5.0587645,8.228902,6.53742,-5.2153144,12.828715,1.6802819,-0.4948936,5.5171084,-2.9798365
208,0,0,0,train,7.1298347,-16.359108,-3.7246597,7.568946,-8.321399,1.1929287,1.0857615,3.920224,-3.1460235,0.94353926,-3.598949,-4.504902
214,0,0,0,train,12.584512,-6.711011,-2.5501652,9.206468,-5.740778,2.0318842,1.4628276,0.8932317,-1.2359288,-2.7417283,-3.9451046,-0.33524707
617,0,0,1,train,-16.30301,-4.988794,-3.5885773,-0.6500589,-3.380946,-0.93987536,-1.5278776,2.960348,3.0982275,5.734703,1.8265433,5.9624324
961,0,1,0,train,10.170668,7.6920557,-12.798984,2.2377741,-1.6258613,0.31084144,-7.909495,4.378204,7.306409,13.126468,-5.5773096,4.412044
655,0,0,1,train,-14.86075,-0.68055046,0.63839203,-7.521745,-11.060374,-0.3903619,8.178848,-3.6503816,-1.1254013,-0.68986785,1.2503668,2.5756114
706,1,1,0,train,0.6015228,15.400061,-5.394495,-9.998851,3.679819,5.947489,4.088283,1.6468195,0.86212134,3.0979407,-0.97116685,0.905204
231,1,0,0,train,0.30305615,3.9770217,-6.0667005,-8.699984,-6.084768,3.699544,5.787292,-6.7047954,-3.7750654,-3.7257545,3.931222,-1.6299826
140,0,1,0,train,7.8793793,1.4140288,5.8762374,0.17787464,-1.4627733,3.4941149,6.955661,0.660905,-3.079864,-1.36901,9.547868,1.9474677
1079,0,0,0,train,9.467476,-8.05725,2.4158666,-2.731993,3.939291,-7.710605,2.0315564,-2.5061028,2.3445067,0.43826604,-1.4413733,-3.1526017
181,0,1,0,train,9.547573,-3.9079714,2.5122936,3.8183851,-2.6487637,6.0312905,6.938409,8.53015,1.9176719,-4.518659,5.8180156,0.36678723
1002,1,0,0,train,6.722628,2.9791682,-0.14218876,-12.824477,-3.355461,-4.314927,1.5416392,-3.618219,4.6881876,-5.412698,-2.713499,1.1031184
1495,0,1,0,train,4.921539,8.787828,-16.532528,-0.75248593,12.240871,3.7137206,-13.651071,19.560324,1.7954019,0.291025,11.908288,-6.290244
837,1,0,0,train,-15.8879385,12.727654,-22.421158,-2.0851102,7.772268,-14.126376,-2.350482,-1.9526122,-4.500393,-6.439646,-3.4267602,-17.174198
941,0,0,0,train,14.144862,-4.5043335,-3.1358519,-2.370754,3.421106,-12.100986,-3.125692,2.8926978,3.98069,-5.2208557,-0.5878528,-4.738813
1347,1,0,0,train,-12.273077,7.927738,-24.35659,26.515802,3.0169728,10.56501,-3.4072173,-8.0960045,-7.1730394,-3.3048549,0.08118923,-19.446861
425,0,0,1,train,-10.1505165,-5.3760047,2.9795258,2.8152246,-4.7011943,2.0317307,7.218196,-0.9154574,2.2226892,3.5361207,-5.0973315,1.0524932
785,0,0,1,train,4.1056776,2.3792078,8.669385,7.2745376,8.127027,-3.0581255,7.8679094,3.6556978,1.7595617,5.211248,3.7290335,-0.9660769
971,0,1,0,train,-4.2571135,-1.0911971,-8.106389,-5.050465,12.833134,9.789354,-9.26049,-1.2428007,0.44654846,7.602792,0.35972294,5.8783603
762,0,0,0,train,-0.25793794,-6.0919137,12.211086,2.7031043,8.789634,2.8840413,4.9946284,6.0077953,7.3307223,-3.4999504,1.0727253,1.863225
691,0,0,0,train,8.476432,-0.6624874,13.315063,2.8197105,8.148932,-1.5945665,5.100489,4.3455634,0.2959561,-1.0652957,-1.0489403,-0.036012363
464,0,0,1,train,-6.013572,0.5775379,15.861291,2.0178468,0.28680393,6.5783005,1.2264344,1.6096929,0.7894771,3.5886056,1.0990833,-1.534096
1462,0,1,0,train,4.0729995,11.522437,-4.7056937,-10.06593,3.593664,0.46727553,1.1306344,12.134039,1.3730824,8.433849,2.7557871,2.081791
1466,0,1,0,train,4.1310735,26.734743,-1.1351256,-0.44088906,0.30338234,0.70759577,0.5892791,5.8561153,2.2392054,5.9546456,-6.722718,1.8663642
1403,0,0,0,train,10.126883,18.28331,6.3745527,11.632965,-4.9357796,-2.3575335,-4.7540846,-3.867616,-2.0412524,5.296057,-0.917325,1.3491455
792,0,0,0,train,2.2282634,-10.191968,3.1460195,-3.6267197,12.102218,-2.9065673,0.3052956,-1.0578775,6.6738243,-3.8458655,-1.7646661,1.4262832
879,1,1,0,train,3.2023585,9.253103,-5.164397,-12.793409,5.538806,4.6176925,1.574953,-1.3214355,-3.413633,5.5819182,1.7737074,2.1872556
312,0,0,1,train,-17.101748,-3.64311,1.6401074,-2.6430745,7.614714,-1.2698197,-17.14499,-0.24243534,-6.6527777,12.500418,7.4095607,-5.562076
838,1,0,0,train,-1.9804124,-3.9918334,-7.9956408,-9.394707,3.6615067,-7.7012405,-0.6106421,-2.8403184,-2.597738,-0.17539142,1.9181024,-9.982912
808,0,0,1,train,3.7779362,2.7229242,9.475987,0.16102953,-4.703299,-3.0600417,4.328149,-0.37963045,-0.6945356,0.09928309,-2.3190236,1.7370708
628,0,0,1,train,-13.775501,3.9323134,-1.663631,-5.5068336,-8.769399,2.932242,6.3325915,-4.19637,-1.7395389,3.4729145,-2.6784878,-0.12164779
1349,0,1,0,train,7.0703382,-7.4428797,-6.3182755,-4.5565457,4.0712147,-4.395735,-3.72001,0.5641869,-2.043793,3.6069727,-3.6274037,1.799783
306,0,0,1,train,-13.692073,15.271874,9.279057,-4.910123,-11.815358,1.0669612,1.8697622,-1.3760355,2.4217842,-5.2271085,-5.651356,1.6038567
825,0,0,0,train,11.212154,2.7534251,4.505315,2.1310668,3.0171208,-11.61154,-1.1033971,2.2563233,0.114782125,4.6553097,-4.8652673,-7.4307547
1469,0,1,0,train,5.6447353,7.8090973,-6.1568313,-6.9509044,7.7507977,-3.249799,-3.5472033,1.2126565,-6.014458,8.767355,-10.986243,3.1221857
256,0,0,1,train,-17.18445,-15.382513,5.0327773,-3.7015412,-1.3995088,0.18573292,-3.2320216,1.1730416,0.16798091,6.6159678,1.6442373,3.5056658
1505,0,1,0,train,-3.327866,9.137782,5.247212,2.8803196,10.989542,1.5085413,1.658764,-1.7766085,5.4505877,-10.5789795,-4.1259956,4.9622397
1549,0,1,0,train,4.4393744,-8.555121,-5.8165407,-2.3358786,4.282399,6.0043902,3.0870748,3.4841926,-2.0419106,-1.984546,-0.5574226,2.9032001
892,1,0,0,train,2.4609346,6.59519,0.41728255,-12.137714,-3.0845027,-8.445943,3.1627162,-4.8663635,-3.3212428,5.8176665,1.5397098,-4.1815166
760,0,0,0,train,-1.01328,-0.7497347,12.556869,1.9859402,8.744966,3.538687,3.7755132,5.147345,6.247082,-5.244811,-2.2354681,1.4698787
939,1,1,0,train,7.253392,4.4998617,-9.21608,-6.234883,1.2711815,-1.2124016,4.727803,9.237294,4.981617,11.374309,-2.9075575,0.96288323
957,1,0,0,train,9.9997835,-1.0294946,-4.44719,-2.610108,-6.143426,-4.093273,2.3400865,-3.0820966,7.358292,-1.8913535,-0.5041125,-1.3120941
1429,0,0,0,train,4.751789,-4.0479245,-3.8832552,1.3975688,6.6685777,-8.568724,4.9479427,6.16329,1.8299909,7.3416395,-5.6848783,-2.6801262
412,0,0,1,train,-2.0251462,16.891975,12.992996,-3.2338321,9.752611,4.9548388,-9.797994,-10.8602,5.4452553,-8.729415,-3.6182775,-3.0698676
1329,1,0,0,train,-3.7326508,24.432148,1.3241554,-1.1716919,-2.6751676,6.030163,3.831669,-8.753141,-1.4775133,-5.578755,-2.759354,-3.21103
993,1,0,0,train,0.08191245,-11.794236,-5.1360927,-4.470246,-2.0767825,-4.953608,1.335252,-3.5248542,3.0432715,2.239423,-2.335491,-4.729144
1047,1,0,0,train,-1.752805,3.0951269,-13.773192,-5.8472915,7.693255,-1.2024298,2.644568,-5.91716,5.4415092,-0.96976775,-3.3537326,-4.4188023
969,0,1,0,train,-2.410044,3.458614,-7.667275,-5.7283163,13.239631,10.242617,-10.056128,-1.9913836,-1.1434484,9.611787,2.5862296,5.4885473
233,1,0,0,train,2.5302415,-2.122936,-4.8753,3.8898938,-1.2306361,1.8080727,9.855251,0.65733504,-4.857646,1.436663,-0.99554616,0.21102858
158,0,1,0,train,9.2365885,8.392886,1.9701527,-4.761888,-0.23062535,6.373713,-2.1321826,-5.4887686,-5.119153,-7.5003896,0.7722648,6.5216646
447,0,0,1,train,-6.533412,-2.1733453,1.6209096,6.3944726,-5.850031,3.0661726,2.4476752,-2.994381,9.42783,6.7583623,-2.4774272,1.2650752
42,1,0,0,train,3.3505783,-12.719385,-6.6618357,1.0542108,-1.4538965,3.8841197,4.21012,0.93666255,-7.0275974,-1.6426224,-3.837147,-0.24660675
26,1,0,0,train,-2.6737804,7.015613,-2.3418508,3.429794,2.9469907,5.373819,4.54588,2.3027062,-5.3333545,8.48165,-12.40569,1.1080128
264,0,0,1,train,-10.507507,-1.0070953,12.102858,-6.0042577,-6.2278347,0.86172295,-9.053661,-8.402708,-6.3270974,7.113253,4.5072465,-2.026446
1096,0,0,0,train,10.38497,12.359393,6.930075,-9.585462,0.7606684,-10.655758,-3.858361,-3.2559218,1.2015799,-1.4322921,-3.1910112,-1.1265767
1007,0,0,0,train,14.01799,-8.630522,-2.824318,-8.810688,1.2280643,-5.7939596,-5.402376,-1.7595006,3.1702464,-7.6395173,-2.60836,-1.747941
119,1,0,0,train,-6.371675,-8.460656,-2.0454082,0.604635,3.0859067,12.267805,6.7428846,2.1353378,-0.77635556,4.280106,-1.6536534,-0.3076649
686,1,0,0,train,-5.6323657,29.486427,16.335266,7.257133,-5.197583,5.3787975,3.1902244,5.061467,0.22166032,-3.6123557,4.6412687,-4.98284
420,0,0,1,train,-27.588614,-1.6574773,-7.082383,2.657897,4.3494854,-11.28408,-3.8918831,3.1731043,-2.3557777,-5.0211263,4.0465794,-0.14657442
823,0,0,1,train,-18.041397,4.992654,8.870739,-3.7786162,-11.971876,-0.51962036,4.7784467,3.0820312,2.8179169,1.3403649,-0.2219266,0.39784393
959,1,0,0,train,10.7131605,-6.592837,-5.889487,-3.0360687,-5.883909,-4.563772,1.9803807,-1.6926813,5.5766788,-4.256918,-0.81713724,-1.2960138
462,0,0,1,train,-15.415081,-3.3074713,-0.8805617,-4.968197,-7.2997737,1.7852799,8.132215,-2.7615595,4.748853,3.282058,3.6163452,2.7833667
267,0,0,1,train,-13.78314,7.708541,9.662034,-7.0388455,-13.763053,3.317635,-2.3346505,-3.561634,-3.108231,-3.2770486,-7.2188993,-2.7576153
402,0,0,1,train,-14.021264,-4.7422147,4.0018206,-6.6883526,8.879797,4.2084417,-1.750595,-3.9762414,0.45960912,-1.501327,-3.7430973,-1.0652324
1393,0,0,0,train,7.6078854,-0.5571113,5.8382387,2.1719382,1.4922123,3.144158,-4.131801,-7.593814,-5.498432,-1.8872012,-6.9348326,6.610507
843,0,1,0,train,8.0716305,-4.9844947,0.7763372,-5.151256,-1.2417328,-6.102678,6.092153,2.053115,6.316613,-0.45713806,1.9809905,-3.248026
424,0,0,1,train,-6.1687655,-14.671808,1.868328,3.44405,-0.2758172,1.4741127,0.6429276,0.045605652,4.9788237,7.2377605,-2.7311532,-2.1687505
720,0,0,0,train,6.272706,-5.622887,10.485619,6.618724,6.367356,-4.191262,5.095897,1.8731701,7.0254993,-1.0313013,1.0975784,1.8544163
1303,1,0,0,train,-9.130306,-2.4450297,-8.650043,1.982697,6.612027,3.493572,7.8416753,-4.941089,-0.39679512,0.6724821,1.3117613,-3.5327501
145,0,1,0,train,11.594801,-5.5300164,4.1703873,5.8299975,1.8809478,0.9761359,4.997482,8.627829,-2.290559,-5.3622,5.159961,3.0208204
48,1,1,0,train,-4.9374666,9.88574,-4.896411,-10.702811,1.7601459,-0.7529778,3.4755688,-1.2291998,-9.746597,-3.1614335,-6.749338,-0.56826776
724,0,0,0,train,11.630649,5.346844,17.44655,5.5189834,0.7157381,-5.5054173,1.4531523,-1.6930214,1.978793,-0.60683185,3.4998312,-1.2712241
769,0,1,0,train,6.9067636,5.128834,5.6105304,-1.94845,-4.4406962,-1.8901609,5.1855884,-1.3028139,-5.6360784,-2.308428,0.2618029,3.8979235
445,0,0,1,train,-5.889988,-0.5687613,3.5515165,6.0093875,-5.480511,3.4357486,1.0190365,-3.6220431,8.488042,7.3973956,-3.4951656,0.84246296
331,0,0,1,train,-29.493868,-1.3836172,-7.48924,10.713073,8.804306,-13.464052,-13.098932,11.955497,-1.3999194,-9.248179,6.696948,-10.406333
212,0,0,0,train,12.632598,-6.766607,-2.7264755,9.28388,-4.632394,1.8204225,0.9950085,1.5923704,-1.3018936,-3.5476685,-3.492933,-0.033768103
836,1,0,0,train,-6.829826,-0.83037853,-11.353504,-7.2495933,6.764983,-9.109163,-1.5555576,-2.677261,-2.0205681,-0.6212428,0.9964794,-11.787725
169,0,1,0,train,9.812661,3.6261506,-1.717082,-3.1590638,0.7176549,4.2408624,1.2479486,6.655988,-7.774478,-9.510506,7.2880297,1.7832205
1,0,0,0,train,6.9392047,-3.019107,8.345698,0.69014186,8.303323,-5.0582643,5.0362315,2.036026,-8.698795,4.711333,-1.0107214,-3.454884
894,1,0,0,train,-0.44701865,8.849431,-0.16295704,-11.644975,-2.373298,-9.534716,2.6952305,-5.731396,-4.6531644,4.8347526,3.015803,-4.382153
715,0,1,0,train,3.5383852,-0.69944185,-17.750198,-5.215549,-4.9636602,5.1593337,-2.401975,-0.6923504,5.575153,6.2223315,-2.6554284,4.9137154
633,0,0,1,train,-21.934517,7.1398473,4.7359753,-9.087627,-8.238535,6.7256875,-4.8827505,-0.27505943,-0.3671479,-7.926853,-3.3809962,-2.3519597
142,0,1,0,train,7.1747556,3.266556,4.432042,-0.08069577,-2.6628916,3.3889825,6.500047,-1.777338,-3.9977481,-1.7280992,11.236215,3.711255
1510,0,1,0,train,13.915681,-2.8098464,-4.7127037,2.0750668,-2.097174,0.03707926,-4.8137884,8.107259,0.79012936,-2.3150778,2.839299,0.9936901
718,0,1,0,train,-1.6028157,32.030636,-6.947757,-5.5753965,0.5140501,12.495373,-6.5439005,7.664091,-1.228469,-7.0199537,-9.604294,-2.332791
218,1,0,0,train,-2.1512794,2.0451622,-3.2129335,0.83717334,5.069446,3.6304927,9.817882,-4.163808,-3.9520955,-3.9666228,0.3586787,-0.55859345
857,1,0,0,train,-3.146356,8.6260395,-4.5332184,-3.0524962,2.4118443,-5.853319,7.510483,4.081571,7.950104,-7.200043,-3.1912816,-0.8177271
1009,1,0,0,train,-0.8174218,0.8424956,-2.7120366,-2.7600427,9.741199,-4.9565806,7.819745,5.0601463,6.6949906,-0.29608127,-1.0832809,6.9554596
392,0,0,1,train,-8.842461,-11.643183,5.7430716,1.2342066,0.74970484,-1.0467987,-0.22321682,-3.5659332,-0.73994124,7.2817283,-2.8559227,-0.115105554
1378,1,0,0,train,6.7574596,9.678125,-1.2365581,1.4297833,-1.1196271,2.9470594,0.4949155,-11.15101,-6.2188597,-0.9541267,10.170256,-1.5837479
457,0,0,1,train,-13.532381,-5.4330425,4.0623784,-3.8320034,-8.434723,4.121268,7.6250477,3.1678243,4.922416,1.5738356,0.44613156,-1.1447499
113,1,0,0,train,1.168002,-11.063295,7.8737187,-4.0659285,5.1312056,4.7489915,-1.3131206,1.0416361,-6.657003,-3.106074,4.8573813,-1.4089448
446,0,0,1,train,-7.2913413,-2.2962518,-0.8147151,9.910795,-7.0905395,3.1414769,2.970109,-2.9224467,11.6131935,9.589245,-1.2963378,-0.4939852
1032,1,0,0,train,13.640831,16.351578,1.9561043,-1.3930733,-3.23257,-9.603555,-3.8367279,-6.333566,2.3691094,4.239806,1.7164615,1.0813153
772,0,0,1,train,-2.498222,-7.774076,11.502221,5.7401342,0.42025024,-0.78075206,4.1514688,3.7247808,6.8868237,2.1832898,1.6039361,-1.9731765
852,1,0,0,train,0.37632054,-0.58560926,0.45536894,-9.182793,6.337868,-8.469231,4.8661222,-3.1957617,-3.2478895,-2.702084,-0.036157656,-5.2856636
1098,0,0,0,train,10.095417,9.119069,4.626488,-9.0049,1.8672566,-10.505626,-2.4775312,-1.9457643,1.8510498,-0.08344423,-1.4710569,-1.2350117
450,0,0,1,train,-13.346276,-5.8744397,-2.2869546,6.323476,1.1687545,-7.332732,5.885587,-2.2040112,-5.681908,-3.0448136,-3.449924,1.2093928
1088,0,1,0,train,15.703361,11.423301,-7.097581,2.149214,-3.4229198,-9.646066,-3.75268,8.81953,-2.2772963,8.394128,0.025151892,4.768341
773,0,0,1,train,-0.707731,-7.0324087,12.488523,4.7729096,1.2353114,-1.1259397,3.908561,2.7788389,9.004154,2.3352318,1.4878045,-3.0113876
109,1,0,0,train,7.5753837,-6.08878,-3.5307922,-0.27698764,-4.9277606,5.610816,6.4321804,-0.42478457,-0.84345293,-2.4873583,8.126355,-0.22690578
944,0,1,0,train,11.333678,-6.8680725,-7.21407,-4.28463,-5.009108,0.27173468,-4.007922,3.9483998,-3.3901167,4.134975,-1.9753642,-0.50746
631,0,0,1,train,-6.927417,-14.607015,0.8307419,-1.6257085,-3.1953094,5.7179437,-3.1776786,-1.7958751,3.8852212,3.1776571,-4.121381,-1.3411751
1341,1,0,0,train,-6.4690766,4.5186973,-5.5802107,16.333424,5.4361153,0.07250154,6.6951823,-11.759094,3.2344573,3.0889335,0.007312923,0.2347916
860,0,0,0,train,8.703655,-5.0366645,4.7261705,-11.747749,-5.337302,-9.045074,-3.1237977,-5.744347,-5.7312603,-2.7630737,-3.887607,-1.6085433
1576,0,1,0,train,8.723195,-4.0681276,-6.8728337,-4.306893,2.4143403,6.7912083,-0.709461,-1.2023568,-1.6469725,-4.6579127,-0.8803504,2.9228249
269,0,0,1,train,-16.391453,-0.17321554,10.449522,-0.08429974,-2.0191646,5.3414145,-7.346225,-1.4165547,-1.8962924,7.319653,1.5895935,-0.03488188
1516,0,1,0,train,4.091997,-2.8486683,-4.4180984,-5.9538245,13.364389,5.742444,-2.5811923,-3.401514,0.080973,-4.9995675,-1.3551089,8.031342
243,0,0,1,train,-4.9942436,-14.869115,4.5375752,-0.59236014,-3.473084,-4.2432194,-2.5798712,0.60195065,3.527435,3.8304987,0.69126153,-3.224139
37,1,0,0,train,2.6584744,-0.42995244,-8.827895,-0.8114456,-4.0222745,1.9259638,13.13903,2.249631,-4.973849,-3.1664627,0.9636341,-0.96312547
641,0,0,1,train,-9.929836,-6.1772847,-3.770068,-4.9596944,-2.7783415,-5.4929347,2.544786,-6.571728,-9.070257,0.108747326,-3.120241,2.47642
1399,0,0,0,train,6.0525475,-9.178797,0.435069,-3.3059142,10.082569,-2.1722555,-3.4389315,-1.7133116,-0.65166795,-2.457552,-2.5798287,-1.0108317
1488,0,1,0,train,3.9152932,-12.426945,-6.8756323,-3.7535293,3.3674297,4.193819,-4.156463,0.5057463,-1.501867,1.0853851,-2.5785992,1.9282186
1017,0,0,0,train,10.464599,3.5858772,8.438336,-4.700043,1.4311681,-3.9103854,-2.9372203,-0.63501585,4.1309214,0.1392293,-2.9922411,0.6813711
1415,0,0,0,train,10.569565,19.445644,7.7145643,26.252687,-1.1209903,2.4172583,-1.3041589,0.6871749,1.7400321,-1.2177207,-4.926325,0.41936687
319,0,0,1,train,-12.853867,-6.070992,2.84334,-6.135747,2.1321526,-1.7492762,1.6241775,-0.005645258,0.94164544,-1.6424599,-1.863611,4.6632977
1407,0,0,0,train,13.639268,4.443197,11.767097,19.587357,7.340076,0.23488146,-5.5793138,-5.3943133,-3.9625227,4.429513,2.5746918,4.955266
949,1,0,0,train,9.722391,-4.5089545,-4.3216424,-9.576325,-1.1091465,-4.370582,-3.849991,-8.792589,1.4402574,1.2478037,-0.061782,-0.9233986
953,1,0,0,train,0.3942456,9.065016,-4.9601755,-8.451972,0.19415061,-0.7609047,-4.1131315,-4.8358765,7.7795124,-1.0100973,0.8707444,-7.324047
484,0,0,1,train,-21.875673,-8.259222,4.058311,1.9500113,-2.617573,-0.14817937,-8.923453,9.389729,2.5349972,5.4590178,9.40994,1.7925684
1041,0,1,0,train,5.1942973,9.09952,-8.7856865,-4.8307004,1.4603636,1.8247228,3.4196513,10.8743305,1.9466621,2.7516384,-1.537912,0.8101288
1045,1,0,0,train,-1.8956708,4.347124,-12.655551,-6.3246107,5.3106728,-1.4040083,2.3196504,-6.420916,6.0981274,-0.22129492,-2.1402376,-3.990369
1330,1,0,0,train,3.3673227,14.790754,5.6151805,-3.4264736,-0.355241,5.041414,0.9073214,-12.624654,-2.784678,-0.9055845,8.678176,-1.3806833
1525,0,1,0,train,7.4724855,-10.825886,-3.8874593,-4.5295625,2.0923674,1.7715347,-4.975713,2.0311875,-3.8215206,-0.26454428,-3.6073804,0.28693098
495,0,0,1,train,-8.889884,-15.568158,6.707446,-3.0044584,0.9837641,-0.5064509,-6.776037,0.25608492,-3.0664833,8.030724,3.9629493,1.011101
1383,0,0,0,train,12.321781,-2.9487674,0.11569914,4.684989,5.3989344,3.1817966,-5.2636623,-7.8970323,-0.6989095,-2.65143,0.40627947,3.9974248
1026,1,0,0,train,7.2407517,15.067983,-5.174563,-7.961217,-11.93691,-0.641486,3.1900775,3.2396996,10.564116,-2.9071186,7.951435,-0.35880437
479,0,0,1,train,3.071504,-19.236855,-2.67932,3.5608299,-5.1053047,0.78188765,-4.0018573,-1.060624,3.834103,0.95623565,-2.7059274,-3.7043447
932,0,0,0,train,5.4755993,-3.6205072,3.7388961,-9.897897,-2.1864274,-6.5006447,-1.1721574,-3.3414102,2.9979727,-3.0472333,-0.7126429,-0.99939704
1491,0,1,0,train,1.4190886,-12.918753,-9.121298,-1.9405239,4.415406,4.748057,-3.9286857,-1.4101088,-0.09170998,1.7686794,-5.123287,1.5282267
372,0,0,1,train,-19.638721,8.872698,10.76817,-3.5334842,-5.5185876,14.829269,-8.793029,-0.18528144,-5.710446,-2.5063133,-4.6992917,-7.8151097
1339,1,0,0,train,-8.993888,-7.6324816,-14.749508,21.353079,-3.1741915,11.022632,0.7804857,-7.934904,4.8607726,4.24111,-2.1332462,-6.256519
176,0,1,0,train,4.7623816,-14.227218,1.8762486,2.691319,-1.2553563,3.6596029,2.3297002,5.652623,-2.394218,-3.176523,-2.3098755,-1.3412799
717,0,1,0,train,4.399469,23.505161,-9.10469,-6.511012,3.3494482,9.67867,0.2216677,7.0507956,1.3571417,3.3470771,4.9554677,-2.2596319
1582,0,1,0,train,2.3308399,3.566179,3.2016377,-6.3609996,4.612874,7.136438,1.7682239,-4.2373466,-9.165244,-4.116684,1.5950897,2.7696018
1030,0,1,0,train,3.5194688,7.12274,-10.322945,0.5592777,3.7075982,3.9305356,1.3074939,0.06621253,13.170944,1.2219326,1.3707309,-2.089147
49,1,1,0,train,-4.981842,7.2299905,-5.56893,-10.2614975,0.43518567,0.18480146,4.278717,0.115513414,-10.529443,1.6661698,0.89130974,-4.895088
1033,1,0,0,train,12.05194,22.360247,6.3648925,0.18785952,-0.973822,-6.3584285,-4.0883036,-3.0978076,4.747294,1.5835531,-6.463808,-0.2786015
107,1,0,0,train,1.8482575,0.38591605,-0.3665772,-3.11904,3.6070836,1.9356576,8.101966,2.1412044,-8.0316105,2.942183,-3.5288384,-1.2201592
795,0,0,0,train,2.64172,-12.120305,4.2489557,-4.7004147,12.701364,-3.5559099,0.40557778,-1.1409752,4.7450285,-1.5662767,1.7063482,0.081619024
437,0,0,1,train,5.655524,-16.480446,3.2672892,5.2645783,0.40952927,-2.0453105,-5.3934116,-4.598513,-3.539441,5.010179,-2.200357,-2.8603826
1375,0,1,0,train,7.6855936,11.080506,-20.486906,-3.1954842,1.131325,11.067844,-4.5091276,-2.817454,9.16084,5.049555,4.043755,6.0328364
812,0,0,0,train,12.048875,5.764918,4.855814,13.209502,-6.3559303,-5.330972,-0.7476541,1.2220219,10.353184,3.286575,-3.4084425,-0.20448126
880,1,1,0,train,4.9520836,5.0477457,-12.575221,-6.1404243,-2.3124387,6.376561,2.0049767,-0.8764699,6.9465065,7.1132507,-1.2668128,5.9874563
275,0,0,1,train,-12.382476,6.7831044,9.983915,-6.6867924,-10.853221,-3.2424095,2.7667017,-3.3955495,-0.8478017,-0.56424713,-2.0247283,1.9358178
726,0,0,0,train,9.025532,3.1739955,17.480747,5.19725,0.7669121,-4.6600556,2.6776059,-1.306445,1.614153,-0.14620684,3.9695518,-1.2539121
329,0,0,1,train,-34.297604,4.1489,-16.804487,16.462713,14.776957,-23.552368,-13.308008,9.923059,-3.986626,-17.062466,7.5087175,-11.790147
1526,0,1,0,train,3.4936762,-13.686575,-3.464097,-6.173876,4.2732453,0.73379636,-4.7887073,1.5532614,-5.722281,3.7004945,0.5885268,-2.3495688
1067,0,0,0,train,13.60706,-8.866922,-0.6769809,-0.8304049,0.6976278,-7.658499,-9.150571,-8.186453,4.877715,1.9093043,0.34717482,0.96439165
1301,1,0,0,train,-12.389331,-1.0120231,-11.869746,3.2295232,8.877595,1.7413366,8.586483,-7.839727,0.70476353,0.13676746,0.28983834,-4.028076
322,0,0,1,train,-18.458914,-6.578359,4.8136787,-2.146003,0.80429596,4.3979464,-7.338339,1.9125552,-1.7836081,-1.9313546,-2.7813926,2.5893164
754,0,0,0,train,17.476038,7.3222194,5.650026,15.416879,-14.032621,-4.2126584,-3.150847,-0.42473823,0.5338856,2.438626,2.3099976,-0.15381753
1416,0,0,0,train,2.157272,-12.765377,0.17538835,6.2240534,-2.0318632,0.32756257,-4.6881633,-1.4726546,-6.525498,3.9531515,-2.382309,-4.954912
1550,0,1,0,train,5.749577,-8.836893,-6.772491,-0.68520457,2.7398348,6.5595994,0.3537773,4.3088245,-0.004180869,-2.0489087,-0.67141026,4.2967854
325,0,0,1,train,-17.789116,-6.117244,8.890735,-4.1120358,-3.4288433,1.535257,-9.888581,2.057148,-3.2983606,4.7567744,2.4533114,0.59303623
1438,1,1,0,train,1.2823924,10.255386,-7.686861,-10.813771,2.7672236,6.002802,-3.344959,-4.843645,-6.610667,3.0446982,-3.7451112,6.4557166
956,1,0,0,train,11.057188,-6.6312294,-4.064451,-0.875196,-5.291005,-4.198515,1.8896221,1.2633569,7.1150527,-3.4856982,-1.4561422,-2.8055391
1058,0,0,0,train,10.984944,5.376648,19.72884,2.8156664,5.1938086,-3.6545773,-0.48351154,-3.075818,1.8731837,-0.6781722,1.136318,3.7508159
414,0,0,1,train,-3.360915,16.308853,12.559594,-1.8998585,10.727191,6.042531,-9.331485,-11.066592,4.545883,-9.247654,-3.6245859,-3.7850962
1474,0,1,0,train,3.8527546,-16.47102,-9.336489,1.9455377,-5.2994585,6.28874,-1.3806931,2.4361875,3.1373618,-2.1644852,-5.35515,-2.2487676
216,1,0,0,train,-1.8609581,4.088896,-2.2913435,0.14484398,2.920669,3.4323256,10.671861,-4.317617,-2.423357,-5.157884,0.029056767,-0.6311162
249,0,0,1,train,-1.5718824,22.62599,21.223112,6.3715186,-6.109565,0.38426661,-8.479612,1.8405966,1.5196983,-2.6711135,-10.781702,-7.9255495
964,0,0,0,train,15.097162,-13.527461,-7.3890467,-7.017894,-14.192842,-1.2378905,-4.9153647,-3.0214877,2.8233826,-9.1867,0.22434978,-3.6064768
149,0,1,0,train,3.8704498,13.791591,-1.0532217,-2.5320947,6.670515,13.886011,5.9990616,-6.2778845,-9.154907,-5.6058793,10.387193,5.73363
1566,0,1,0,train,12.174863,-0.27422044,1.2436932,-5.2313266,6.5345626,1.2044,-4.226561,5.217516,-3.538922,-4.5978947,-3.1729803,2.897633
1372,0,1,0,train,7.280803,10.894683,-18.614677,-6.9037876,-5.7269106,12.12208,-2.1857016,-0.0022011327,9.092264,4.0100923,4.7576795,5.178398
366,0,0,1,train,-15.409972,-8.252304,8.62231,1.366905,-4.952784,8.038519,-1.6382717,6.8333006,-0.48782358,4.614887,5.325146,-0.05914266
141,0,1,0,train,6.9886813,5.840645,3.9816327,1.4054133,-0.6604419,4.144991,7.9219174,2.572899,-2.3114903,-2.3108006,5.626686,-0.0774433
323,0,0,1,train,-15.705916,-8.739992,3.3571246,-4.7480803,6.6468816,0.541272,-13.762727,-5.7284794,-10.722188,8.513856,6.5391397,-0.7744992
1052,1,0,0,train,-13.3758335,8.057235,-5.51366,-8.260553,-0.12028035,-4.6856337,7.7992353,-4.157256,3.4675102,-6.353102,-3.5233448,-3.2915814
263,0,0,1,train,-9.197384,-13.719652,9.63433,-1.4533644,0.8205691,4.4688168,-10.657011,-1.9230413,-4.044945,5.884185,3.3017535,-2.6850984
1479,0,1,0,train,7.787316,2.4529338,-7.859452,-0.17707285,-2.6969774,8.769579,-2.169986,5.462873,1.1857663,-7.2613893,4.0953283,2.367625
654,0,0,1,train,-14.893785,-3.5889773,3.2369874,-4.8434663,-8.434679,-0.18613835,6.8457603,-3.374671,-2.9507363,2.525665,5.0329785,3.409172
120,1,0,0,train,5.7350593,-8.956177,-5.364987,-0.055585463,-6.845781,4.5873575,2.7439983,0.7059041,-5.770891,-5.9630685,-2.2288399,-1.1298451
788,0,0,0,train,6.4802785,-4.7951074,10.322599,8.870269,8.287641,-4.9330354,5.498383,2.5037131,7.5871024,2.5135179,0.8973001,-2.4154527
0,0,0,0,train,9.325514,17.86304,12.990263,3.2358599,2.8771524,-4.146066,3.8760648,4.539931,-5.70331,1.7780912,-8.975279,-1.7200733
180,0,1,0,train,7.5477443,-6.1266627,2.092523,4.3122134,0.21370156,5.453246,7.612945,8.701432,2.845755,-5.3480234,5.660658,0.38726988
1081,1,0,0,train,-0.92706984,9.088686,-0.15509906,-9.412274,-5.2084556,-5.250199,0.3304905,-0.010825401,3.4694989,1.524882,-8.0174465,-0.27832398
922,0,0,0,train,13.714736,0.37577832,8.083456,-0.13708362,1.0108246,-6.5916395,-2.942698,-2.2134414,5.871969,-3.4983068,-0.58414865,-2.0645397
1444,1,1,0,train,-5.0714455,30.743694,-15.478841,10.865954,4.7518897,-2.8532004,-4.48121,16.967947,0.16766705,2.9943593,4.6119585,-14.685538
413,0,0,1,train,-7.1054807,23.692104,15.226279,-0.8541657,5.6643534,7.235785,-11.728705,-7.239043,6.623383,-12.534179,-11.961308,-3.7097638
222,1,0,0,train,-0.605135,-5.91514,-4.523137,2.073431,6.1870694,0.6177813,6.387134,-0.5933804,-2.8319817,-5.179652,1.7559502,-3.8388348
1452,0,1,0,train,13.537752,19.079859,-12.699282,4.296984,-7.543282,-4.0693574,-4.0016384,8.718237,3.5779777,9.853223,1.328259,5.4014344
205,0,0,0,train,17.013702,2.237955,2.8728514,5.3519897,-10.032143,-5.371289,-3.5165567,-1.8356838,-11.130552,-1.9857647,-3.9660351,-0.14571229
203,0,0,0,train,9.374417,-7.9048295,6.10744,0.1857237,1.20164,-1.2967868,2.285871,3.3110886,-6.644189,-3.5026214,1.8431323,1.8322519
876,1,1,0,train,4.3860726,16.14377,-2.9727314,-13.10733,-1.2524543,3.0440066,3.2467484,-1.767521,-4.23692,1.7317353,-0.044968374,0.8833848
830,1,0,0,train,-12.090592,4.6741805,-16.255705,-5.9650736,4.080324,-11.225456,-6.420493,-1.8124774,-4.6886516,1.1245726,2.4124668,-14.217343
1561,1,0,0,train,-5.9495482,-0.246263,-7.643021,-4.4084134,13.77171,-1.1235914,3.673948,-2.1190038,-1.0372983,3.3829155,-5.168404,-2.3857596
6,0,0,0,train,12.445761,-2.0719326,9.231478,5.9118295,4.3059535,-4.763292,4.2140427,2.7209475,-9.628552,5.211839,-0.011259826,-2.3422
665,0,0,1,train,-16.186802,12.229403,7.1606946,-2.0297253,-11.213119,5.493626,-10.092907,8.58793,7.7531285,-2.7573645,4.5646586,-8.207246
250,0,0,1,train,0.5515559,14.376253,19.261751,1.9265851,-4.2924166,-1.0357639,-6.1945157,-0.24852914,0.3503586,1.6466566,-3.7699418,-9.538384
988,1,1,0,train,14.598185,11.754553,-20.373722,0.16090113,-13.933545,3.6779294,-5.4899373,-0.04082863,10.083102,-3.069435,8.684605,0.1162503
3,0,0,0,train,4.692297,-6.067806,6.6922917,1.6885365,8.733707,-4.22569,5.919187,3.1712856,-8.585036,5.3970447,-0.17247963,-3.7669692
819,1,0,0,train,-13.608068,-1.7279304,-9.88697,9.152521,5.7134647,-9.198614,12.02709,1.2866658,3.0346851,-3.9529705,2.2282243,1.4277425
844,0,0,0,train,10.482816,-2.1229365,4.555069,-8.605403,1.5735637,-9.388124,1.3078902,-0.32838812,-2.6001713,-4.9389596,-1.2377706,-0.6530194
117,1,0,0,train,-4.9554796,-8.489304,-0.9988533,2.9322832,2.544153,11.746733,8.324967,4.069996,-0.4892193,3.6546345,-0.08073455,-0.65214443
381,0,0,1,train,-8.150282,-5.345412,7.0474887,-3.5466554,-0.87908846,1.5121238,4.6447334,0.978949,3.7766168,3.1640933,-3.955531,3.9877074
230,1,0,0,train,-3.0067809,4.842737,-8.026292,-4.06334,-3.6173291,4.1691523,8.338784,-5.920287,-4.62421,-2.46525,1.2157587,-4.785368
299,0,0,1,train,-8.28728,16.91338,15.585359,4.3347893,0.17699945,8.559588,-3.9162936,5.551662,-3.204681,-2.1742048,-18.800465,-1.5216308
219,1,0,0,train,-1.9338078,-6.3879423,-0.4723858,-0.08174301,4.889109,3.7571807,7.476625,-0.8859323,-3.9848983,-1.2385341,1.344998,-0.7019997
1455,0,1,0,train,14.391752,8.556476,-13.172974,0.8386361,-6.1833973,-3.0937316,-4.2671227,11.838076,2.3700576,9.183201,-3.998685,3.51475
1515,0,1,0,train,3.6017845,-9.253158,-4.0053945,-8.557801,4.945906,0.43334693,-1.8271662,0.59997344,-2.1402802,-1.3114618,-0.10156567,-2.7966526
1545,0,1,0,train,12.381979,5.2569256,-10.81677,-3.2926338,4.220329,5.799019,-7.6886396,-2.7359014,0.041140147,0.71221244,1.9462821,6.8174825
1322,1,0,0,train,-9.638808,6.286931,-11.778008,4.6264353,8.873205,3.458917,11.546235,-8.279974,1.1533406,-1.3274695,-0.6306486,-2.9068532
1091,0,1,0,train,13.649457,14.818946,-8.650166,3.6712792,0.69223475,-9.648396,-4.715902,16.505157,-0.58470595,9.017185,-4.457273,2.3673246
873,1,0,0,train,4.123483,9.6680155,-5.0966535,-13.574318,0.92309445,-2.2590814,4.6681,0.07704319,4.5575275,-0.9255695,5.864355,1.6486645
59,1,0,0,train,-5.138268,2.0865295,-3.002655,-0.0008621132,2.4683733,0.6440221,7.178174,0.22791685,-13.061681,4.131027,-0.2484558,-6.0389767
47,1,1,0,train,-5.7040477,3.9737186,0.9840507,-0.46149132,2.017858,1.4468068,10.377407,1.286697,-8.352936,2.394525,-3.5449622,-5.626236
917,0,0,0,train,11.248378,3.7746148,0.92293334,-1.4949137,-5.267545,-2.7535717,-4.6194324,0.17288141,8.633794,-1.62853,-5.5322757,-2.0209196
985,1,0,0,train,7.5312915,-5.7295947,-8.2880745,-6.220015,-8.179264,-3.3960552,2.191978,-5.2568913,4.955283,-1.7618436,-1.5586247,-0.4043094
159,0,1,0,train,9.748952,-3.6113787,2.5043004,-1.8316529,2.4358153,2.0870123,0.5085203,-6.06144,-7.956761,-2.471277,9.239301,3.066929
280,0,0,1,train,-22.228998,1.0521922,7.8367605,-0.09602379,-2.172869,6.370389,-11.074256,4.727797,-6.202905,6.714464,9.206192,-0.4625154
242,0,0,1,train,-16.04334,-3.0137115,-5.5900974,6.933452,-2.076442,-12.806152,-6.6930523,4.67934,1.2405734,-0.19198106,-2.5977504,-0.11306273
1328,1,0,0,train,1.4127867,18.15234,5.9565754,-0.59855205,0.70624644,6.5768,-0.023397895,-13.080055,-2.9473517,-1.1220952,8.439507,-1.9537487
807,1,0,0,train,1.0648172,-7.246486,6.1004386,-2.242324,0.3822319,-6.514891,2.201875,-2.9179285,-3.7067642,4.7195497,-1.7816207,-1.116078
708,0,0,1,train,3.339018,-10.680183,10.693572,-2.6212413,-3.6559308,-0.7316547,1.6353387,-2.1242433,0.895312,1.6043268,4.392837,0.38637626
1069,1,0,0,train,-1.7456379,4.4793224,-1.8466282,-8.449946,-3.154384,-6.851853,7.1330895,-0.69044745,1.6425849,3.381778,2.1522915,-7.358873
1000,1,0,0,train,8.03826,2.3267446,-0.58936065,-10.712378,-3.2076132,-3.963176,-0.5822238,-3.1930215,4.5063796,-6.859351,-3.049411,1.0821089
761,0,0,0,train,2.8943555,0.7804526,16.09655,7.1026077,12.418902,2.9206977,2.95753,1.665388,6.970005,-0.6858731,7.9660807,1.2096534
454,0,0,1,train,-7.1800184,-10.857802,8.609868,-4.1275644,-0.8591338,4.2911887,0.2607661,-3.571106,-0.27553198,2.658575,0.41330174,0.3480202
711,0,0,1,train,3.758543,-1.0348183,11.735275,-1.2932359,-4.746832,-0.9911912,4.7375617,-3.2147782,0.17535028,-2.721729,0.8969681,3.454352
168,0,1,0,train,9.364356,4.7898054,-2.2488933,-6.3229027,-0.52611804,4.8824706,3.9595368,2.4212244,-8.942439,-9.104578,8.022064,2.3244605
1562,1,0,0,train,-2.2296731,-6.6240306,-2.265115,-5.2446113,11.936202,-1.2218981,-0.31996563,-0.81486696,-1.2100568,5.394543,0.37390867,-3.4305072
492,0,0,1,train,-18.03057,-8.465884,2.1996236,2.7491422,-3.4703348,0.3318792,-2.6047504,8.374407,1.4846514,2.201648,-3.0617597,3.7697268
714,0,1,0,train,6.1565905,-1.4501908,-16.2754,-3.601279,-6.786301,8.415765,-3.6823897,-1.6738827,7.152484,5.015016,1.7141552,5.938873
307,0,0,1,train,-11.621966,4.6362596,6.4363604,-5.705742,-8.23921,-3.3050106,-0.44508207,-5.8801274,-2.6542947,3.7448034,8.613874,2.7641149
895,1,0,0,train,-4.0046825,13.713505,-5.217819,-10.266529,-5.2096047,-12.758663,7.954819,-4.7512083,-4.444999,1.1007469,0.24700823,-7.108133
367,0,0,1,train,-19.24863,1.8424476,9.278933,0.24663347,-9.700368,10.697951,-2.0721323,11.215953,2.6505494,-4.6541266,-1.6203637,1.2754619
1512,0,1,0,train,4.3761244,-8.607414,-2.103492,-8.463408,4.27261,2.0087225,-2.5979574,2.279751,-2.7283533,-0.97085243,-1.0053086,-2.1355631
440,0,0,1,train,-18.229403,6.307453,2.4377766,-0.6644205,-17.675232,6.9573703,0.61510605,5.6679487,9.127101,1.395366,3.3870857,-3.6037128
12,0,0,0,train,10.589173,2.304261,7.2130795,11.7093725,5.2956233,-2.0453093,6.2423754,7.478257,-2.098371,3.9407213,-0.4322218,-1.8794674
739,0,0,1,train,-6.68836,-0.46023688,5.500886,-3.1953008,-11.293323,-3.9121401,8.630015,-0.40002078,-1.6922412,4.452006,3.9566152,-0.63427263
965,0,0,0,train,15.792077,-12.969591,-11.740704,-1.9596467,-14.228791,1.1957716,-6.868025,-1.8276278,4.9667735,-12.2256975,-1.1239694,-3.6029522
1520,0,1,0,train,-0.3543661,-8.142154,-1.6786633,4.144103,3.8708224,-0.5446948,7.344643,1.7506936,-3.012138,-0.8971382,-1.5709349,2.4117205
1569,0,1,0,train,5.090894,-14.473403,-10.131238,-2.2905664,-6.4317355,10.45671,-8.067177,5.000702,2.3968897,0.40235972,1.2126061,-2.4172258
350,0,0,1,train,-16.512674,-10.199545,3.1705852,-0.87409383,-4.264908,1.3735682,4.1185017,3.923536,2.8215551,0.48478335,-0.5079762,5.9582405
775,0,0,1,train,-0.5595643,-10.343687,9.751894,4.386154,1.5207465,-0.82165307,5.276968,3.784983,8.8982315,1.808723,1.9919937,-2.7888434
804,1,0,0,train,-0.41155794,-11.34546,5.4972024,-3.3462818,1.7926657,-5.646426,-1.404999,-6.1976376,-1.9463407,6.543582,1.7518846,-0.49664322
246,0,0,1,train,-20.573385,2.2503893,-1.1660196,7.241339,-10.095193,-11.363976,4.76532,-1.5425725,3.1021447,0.36974967,-4.1826997,11.478442
643,0,0,1,train,-8.422437,-5.2857604,-1.9918814,-3.9174466,-4.273278,-4.41508,1.7191238,-6.5215974,-7.942408,0.09528625,-3.6633441,2.8332658
498,0,0,1,train,-6.3703303,-0.83935124,16.471869,0.48512453,-2.2651536,1.8375314,-0.50380635,1.0444312,-3.6217015,6.6469064,4.871607,0.5331863
245,0,0,1,train,-21.117647,-2.0281768,-4.717751,7.7637496,-4.5881476,-16.12497,0.88969976,-6.5499773,-3.5437138,2.7868981,4.2896285,16.139263
710,0,0,1,train,3.8315134,-9.615546,10.139022,-3.9435349,-3.0141764,-1.1664594,1.4236927,-3.8272598,0.13780715,0.13170217,4.6385603,0.0030481927
1594,0,1,0,train,8.00062,2.6382906,3.6224024,-5.9960103,4.91308,-1.6963853,-2.9515393,-2.5100932,-3.1967113,-1.9491132,-4.7118316,1.7511523
818,1,0,0,train,-10.622502,-1.892381,-3.8164685,7.675965,5.08953,-4.04918,10.674005,5.0573497,5.1226845,-3.7721496,-3.0650034,1.6001242
435,0,0,1,train,-6.2899513,-9.349966,7.6381097,3.0309339,-3.934241,0.50045437,2.8117557,0.044207934,6.8944397,3.771312,0.13225992,-2.7644422
118,1,0,0,train,-7.2578936,-0.1363546,-4.72393,-0.89531523,-2.3333683,12.020689,12.5802355,1.4170734,-1.1603276,1.2708951,-4.790863,0.06703021
232,1,0,0,train,6.866262,4.3801813,-6.0217614,9.25271,-5.15182,4.746546,7.4549546,2.2493734,-3.8690932,1.9590933,-2.87032,0.819623
1542,1,0,0,train,-1.9341518,15.856765,2.6612983,-5.1979346,12.571094,10.544969,0.14988007,-0.3327576,-4.9499645,1.5640376,-5.2125583,9.109808
38,1,0,0,train,3.8145676,3.6098819,-3.4898844,-2.6669345,-3.6920438,1.7040752,11.828469,1.7833079,-4.929773,-0.51505077,-2.8269148,-0.038001075
1321,1,0,0,train,-10.674046,3.2203314,-12.487157,0.8088292,11.030479,1.663086,7.123187,-5.857245,2.9131477,-3.497501,-2.3240464,-1.0022911
1506,0,1,0,train,-1.7686367,2.3266187,4.082188,1.4406981,9.627124,-0.9837585,3.2538548,0.48701352,2.272848,-8.276256,0.32576877,6.6731715
451,0,0,1,train,-5.6619763,-11.0112505,7.2276616,1.800355,2.126005,-4.2445345,0.21933305,-3.8560357,-5.985994,4.5265746,0.95782757,-2.716653
645,0,0,1,train,-0.535987,4.0842257,5.21229,-4.3637238,1.7665596,-6.527507,7.315025,-2.017593,-1.5912409,2.8899355,-1.6355438,-4.091482
1304,0,0,0,train,15.364598,13.913409,8.967046,12.980877,0.90058374,-2.6116402,0.87526065,-5.1819487,-1.1792397,2.3284338,6.633753,-0.30105624
23,1,0,0,train,-0.19757037,3.674886,-8.712023,11.010749,-4.8756185,-3.5466766,6.904352,10.194408,-8.783682,-1.4132713,-0.3643613,-3.7379541
489,0,0,1,train,-5.0858116,-13.42895,8.891842,0.87638557,-0.48702964,3.1640716,-3.104844,0.2524364,1.4358665,4.7279854,-2.175195,-0.44863302
471,0,0,1,train,-19.812082,-2.4122248,-2.2657282,-4.4877806,-0.7590599,5.2827225,-4.836589,-1.6109025,1.3569927,5.224574,0.41315708,0.9509236
901,0,1,0,train,18.214819,8.239907,-9.092943,-0.1573025,-4.881073,-4.3538933,-11.780137,11.423762,-1.668064,6.9557214,-4.3768826,6.0533857
1038,0,0,0,train,9.245542,-8.014322,3.615182,-1.2597761,2.850208,-3.921928,-3.1855664,1.4705117,3.2655447,5.762223,1.0981815,-1.693037
1044,1,0,0,train,-1.6988964,5.704899,-8.747703,-9.306909,1.1166703,-3.9480536,3.5147943,-8.108999,2.6978428,-1.1662823,-3.4139419,-1.4731306
301,0,0,1,train,-23.720417,26.278036,3.7035856,-2.8252168,-9.915128,2.2357535,-8.111426,6.0983386,-3.9855783,-8.439062,-10.658099,-8.6647
1034,1,0,0,train,12.297296,13.69295,1.9322351,-2.3685105,-3.255216,-10.495003,-1.8669614,-4.0088882,1.7853045,5.7412486,1.4829003,-0.008165049
881,1,1,0,train,0.47217393,5.9751024,-16.101152,-2.4295373,3.4352207,4.8016133,3.6377506,-1.6461921,2.9518986,12.117594,-4.9595556,4.5828857
315,0,0,1,train,-26.268984,4.8866043,-7.067061,0.955104,4.7180467,-8.55189,-21.372852,10.410082,-3.7337112,-0.05448701,-3.827336,-4.325535
625,0,0,1,train,-25.673971,0.9012291,-2.6083782,8.1434965,6.093512,-17.651114,-5.044939,2.1105754,1.2774925,-10.832091,0.985326,8.698787
122,1,0,0,train,5.657031,-7.955195,-5.1789017,-0.8335247,-7.117923,4.227994,2.6468847,0.23291922,-7.0516834,-4.8714375,-1.6588941,-0.10037483
1417,0,0,0,train,4.402318,-6.2538567,-0.7838657,7.9670453,-7.3134475,0.736416,-5.06907,-2.1734345,-4.3841724,-0.5652674,-7.7409368,-2.8095505
1534,0,1,0,train,7.9873123,-8.358592,2.4726439,-11.10627,6.887261,1.9322735,-3.1187658,0.5355559,-0.10582852,-5.4475603,-0.36066014,2.206549
738,0,0,1,train,-8.753532,3.2858183,0.7541446,-2.4061441,-14.545634,-6.874468,13.863572,-1.1340002,-3.7821805,1.1903175,3.2700367,-0.6352419
438,0,0,1,train,4.7132893,-13.314871,-1.0610645,5.9489512,-1.1416401,0.34312966,-2.8755322,-4.71089,-2.9331298,-0.28068393,-8.907126,1.3306899
415,0,0,1,train,-6.782977,23.135895,16.116068,0.12654571,5.649835,9.42983,-9.736761,-6.9162126,6.8853307,-13.129951,-11.332405,-4.6685915
891,1,0,0,train,6.2233777,0.091548,-7.1526933,-9.176892,-2.7906837,-0.86567914,-0.844185,-1.9375083,-3.562178,-6.2250276,-0.5781291,-5.021739
327,0,0,1,train,-18.751513,-5.607359,6.6820216,-3.3793514,-2.6277359,1.1811776,-10.144418,3.0608602,-2.963676,4.335909,4.0999465,1.2495284
58,1,0,0,train,-1.276405,10.02341,-1.3503419,-8.486103,-3.616335,1.3994474,1.4602556,1.4602422,-13.291693,0.91506535,-4.830515,-2.0490804
1447,1,1,0,train,-7.8795323,19.584146,-21.343678,7.2482305,8.952703,-5.0353737,-8.00524,14.189698,-2.150436,6.4743276,6.0745654,-11.559341
1370,0,0,0,train,10.032316,-5.3752418,3.0918036,15.0809555,5.266266,0.7362285,-5.021647,-4.5837884,-4.910188,1.6862892,3.471659,-2.5131562
1324,0,0,0,train,2.0659704,0.47390154,-3.5834289,18.401228,3.5160277,6.7521787,-1.0975451,-9.568638,5.670347,1.8213665,3.6589706,0.851863
114,1,0,0,train,1.2118207,-9.029242,11.207271,-2.6333609,3.1839504,6.1415606,-0.21825132,1.7175769,-5.0329776,-3.5914636,2.2621272,-1.6384339
1320,1,0,0,train,-9.1502905,10.674078,-9.892334,2.58336,7.959771,2.915877,10.461782,-8.112926,1.1214663,-1.3996718,0.81380904,-2.814566
1426,0,0,0,train,2.2692404,-7.949552,7.177096,10.750024,6.0892415,4.475076,-1.1605017,0.65854603,2.175824,-1.1104693,-4.6245556,1.3093448
1470,0,1,0,train,9.206313,14.28567,-5.5498734,-0.9009887,5.637808,-0.7928973,-5.7759213,1.3441484,-3.3372552,5.8972754,-6.206849,7.491807
213,0,0,0,train,15.91295,-0.63252026,-0.69477934,8.264711,-7.2458,-0.013791376,-0.37933472,2.2766876,-2.7013443,-0.71357745,1.9818472,1.0367678
1036,0,0,0,train,9.65335,-8.632471,4.1679907,-2.0847142,2.1745336,-4.014254,-3.3449223,1.1563246,1.5420957,4.598116,0.49581182,-2.1067183
882,1,1,0,train,4.7429185,2.9618404,-11.428541,-6.1663365,-1.7597224,6.114498,1.9425162,-1.5020298,5.7617164,6.7170434,-0.8264701,5.5126557
434,0,0,1,train,-6.168277,-10.954456,10.0980015,4.285389,-0.9191578,1.2386348,1.1884149,0.9451164,8.28478,3.2150877,1.1974835,-3.1139312
960,0,1,0,train,9.707748,6.9170227,-11.096546,1.1459582,-3.365287,3.4539552,-6.1226025,1.8819512,4.007967,8.078658,-5.1305966,5.6274595
658,0,0,1,train,-1.7407107,18.294722,13.484742,2.630601,5.993594,2.7886183,-9.370812,-7.6637387,9.070544,-11.542915,-5.3986545,-4.1292753
801,0,0,1,train,-19.015766,6.7729936,2.5696197,7.0102415,1.6683902,-6.518081,-0.41857183,-2.3639693,4.109942,0.9562396,-2.3958209,5.6323295
376,0,0,1,train,-11.203784,-8.326927,4.9677057,3.0043514,2.9733424,4.2247734,1.4916869,0.79979765,9.230821,0.3774155,-2.6363358,-0.9195865
642,0,0,1,train,-11.819327,-9.122785,-4.4680057,-0.43579775,-2.3165464,-4.763774,1.8041443,-6.1170096,-7.8109565,1.357283,-0.8174646,1.3254867
1396,0,0,0,train,7.6587334,-6.7179327,0.01839881,-2.227632,9.366737,-0.51621336,-3.692754,0.48567948,3.5538282,-5.682009,-3.3299546,1.4257427
171,0,1,0,train,9.70833,1.7875261,-1.5781454,-5.2541714,-0.017970243,3.445199,1.5088807,5.585449,-7.843251,-10.172234,6.941311,1.9782987
759,0,0,1,train,-16.335709,2.3214498,-6.2017837,6.699285,1.7621307,-7.098575,2.025785,1.2411976,7.5299187,-4.2415977,10.400617,3.8448997
859,1,0,0,train,-1.6032656,5.943666,-3.9209282,-2.9810033,3.6289449,-5.310688,7.4363627,4.971681,8.699026,-5.9489365,-2.472626,-0.34319997
56,1,0,0,train,-0.8319236,11.80068,0.25518903,-8.007466,-4.0479136,0.99792844,2.0231829,2.6756508,-12.570024,0.9946445,-4.7605553,-3.1111588
840,0,1,0,train,1.997765,7.5279136,-0.9651187,-4.137208,-4.667171,-6.2743344,11.988735,-0.7037821,6.3940287,2.727864,3.1257193,-2.5508533
1064,0,0,0,train,12.819569,-0.9290798,3.1207106,-3.3674407,-1.6016828,-8.456231,-6.468429,-5.863677,5.082793,-0.7672271,-5.8601394,1.810501
360,0,0,1,train,-4.2217436,-10.962032,4.6992745,-6.375568,-6.303406,6.00312,1.5399318,2.7306669,4.8061433,-0.75196373,-1.3138533,-5.0495315
816,1,0,0,train,-10.94929,-1.8270149,-3.491974,7.979018,5.0474114,-4.9629126,10.171457,4.6380415,4.3818846,-3.1972911,-3.680665,2.7720919
277,0,0,1,train,-14.425326,-5.907229,-1.6090391,-0.55923605,3.263825,0.7438677,-0.804538,-0.4282061,8.138075,2.1990385,-1.9402107,4.6123767
1093,1,0,0,train,2.5633361,-2.950939,-10.62732,-4.5308313,-0.9610749,1.5130541,1.9218814,-1.9124844,5.490854,0.89116824,-4.034879,-1.233508
444,0,0,1,train,-5.47879,-7.913059,0.8611271,7.0410533,-4.975304,1.6595856,1.2368752,-2.5263925,9.632127,7.533356,-2.0055254,-0.30669358
632,0,0,1,train,-24.907036,8.240116,2.355547,-4.418258,0.35514715,4.854938,-9.969339,-4.1289215,-5.431982,-2.2690825,5.963039,-5.0772915
1425,0,0,0,train,4.3129334,-7.9452147,7.8095865,12.251963,3.9037533,-0.8325115,0.97751427,0.17745776,-0.44067392,4.478749,1.3080798,-0.9397297
1085,1,0,0,train,5.2356343,-1.3693284,-8.392567,-4.228283,-3.8279808,-3.1486819,0.62202567,4.4066815,8.127769,3.391977,-3.5329897,-4.52433
1073,1,0,0,train,-4.6854563,15.125162,-3.3103337,-8.444079,-3.2931263,-5.828689,8.951936,-5.1342344,3.2722661,-2.2385278,-0.6143009,-0.29381925
1533,0,1,0,train,6.602084,-6.941576,2.7446508,-12.932542,7.5542345,2.1492019,-3.4489923,0.50308347,-0.6086641,-4.7499824,-0.2573373,1.836841
1333,0,0,0,train,11.915737,-6.031663,-5.320783,3.606009,-3.5850444,0.58489335,-10.678383,-10.286815,-5.8666987,-1.4975688,-5.4031334,6.1669407
866,1,0,0,train,-0.47724134,12.28884,-2.3025086,-8.336021,-2.0051637,-1.2078624,8.785508,-1.5523536,5.059549,2.4279394,0.2254655,-5.157565
399,0,0,1,train,-5.272077,-14.49824,6.248525,-4.3214326,0.91432446,2.290204,-5.944896,-0.78459984,-4.2371216,7.700697,0.5351606,-0.7280012
1368,0,0,0,train,10.186054,-3.747984,1.8937857,12.640074,4.6617565,-0.533974,-5.025866,-4.3929048,-5.74932,-0.6399604,2.3353157,-1.8359926
1527,0,1,0,train,5.932527,-10.844718,-4.0475264,-5.6078234,2.952836,2.6069782,-4.224408,1.1400069,-2.6630285,0.24164668,-3.813087,0.29265139
364,0,0,1,train,-17.21591,-7.873235,7.6839514,1.4239286,-4.298368,7.0601234,-0.63073903,6.8280954,-1.0835844,3.6164289,3.5021062,0.70565593
1568,0,1,0,train,8.7920685,-11.186985,-13.388221,1.1980091,-9.162871,11.278251,-10.101208,3.8586779,3.3608027,-4.801481,-0.22533886,2.0260642
148,0,1,0,train,6.544703,11.860201,-1.6984307,-5.6395807,4.898015,12.057053,4.8548493,-4.467681,-6.9575434,-8.850655,5.9034557,6.0235014
1068,1,0,0,train,2.2671459,4.470788,-1.4292774,-10.868519,-1.1161321,-7.0342875,5.4297304,0.11099377,-0.48552826,2.0184848,1.3584839,-5.009694
832,0,0,0,train,14.425355,17.57115,8.126825,-1.8691133,-2.015424,-10.624436,-4.6722336,0.24970292,-3.487346,-1.238245,-4.0319085,-4.097255
311,0,0,1,train,-19.442698,-2.4716177,4.9840465,1.2324163,-4.7435384,-1.4674102,0.6136205,-1.130315,-3.1982157,3.4801557,-1.0473344,5.0676293
482,0,0,1,train,-29.22935,8.167585,-10.062524,3.7405314,4.814737,-7.9091363,-3.8589253,6.0636797,1.416181,-15.484179,8.457252,-3.9038234
195,0,0,0,train,15.311579,-7.654942,-1.4335923,8.269444,-11.546378,-0.3016257,0.9333082,3.850862,-6.1628704,-4.3092084,-1.1165925,1.0450844
184,0,1,0,train,17.285862,-3.6629276,-3.7205954,5.192453,-8.501413,2.8993807,-1.7485281,7.8636465,-7.849988,-12.606016,5.660547,0.107112
663,0,0,1,train,-1.2519213,-8.660312,8.736158,-0.39221498,1.2585449,2.8658357,-1.7366549,-2.3193963,4.77766,3.8477356,-0.8318823,0.35692468
474,0,0,1,train,-14.497091,-2.7809968,4.706244,-10.7773905,-7.128417,-0.10277079,-4.9369473,-5.243845,0.58712965,4.3055077,7.349561,0.25732484
874,1,0,0,train,2.3822925,8.374341,-1.3496479,-16.603748,-3.8486564,-2.5320275,4.8187914,1.3294066,2.125594,-1.6982002,1.9852089,-0.57587314
190,0,0,0,train,16.793537,1.7476624,2.0153096,6.9661183,-6.2345133,-3.2704911,1.4389817,-1.8774832,-5.298131,-1.6927183,-1.4042165,0.61614245
900,0,1,0,train,17.02451,11.279072,-8.229882,2.3783834,-7.6330557,-3.539763,-8.266008,3.1958318,-2.7110467,8.083374,0.9803497,5.1928635
111,1,0,0,train,7.7118936,-5.7550745,-4.513281,-1.6311873,-7.785782,5.5445323,6.9459987,-2.1097598,-1.2032832,-1.9545444,8.491601,-0.09261244
292,0,0,1,train,-18.75704,-8.018386,6.3551507,-5.7055235,-3.0950778,5.6328425,-3.6413684,1.9375504,-2.0165455,3.6866388,-1.9706621,1.4003642
1062,0,0,0,train,11.948632,-6.08291,-3.6929405,-3.2043319,0.90034384,-6.592244,-3.329244,-3.3648593,2.4168,-3.7633455,-5.2433233,-1.8711088
947,0,1,0,train,13.869681,-4.096443,-8.602512,-4.618428,-5.086785,-0.6072525,-6.610643,6.45612,-5.4578547,0.13082328,-4.0160503,1.6797643
730,0,0,1,train,-4.652454,4.6849794,9.208949,0.018992973,-6.459577,-2.226301,10.2032175,-1.5514437,-0.5802759,4.273676,2.6069987,-1.7124103
1418,0,0,0,train,2.1909082,-11.089993,0.60909,7.2203074,-3.4816413,1.7794392,-5.490399,-1.7931511,-5.447383,4.012029,-1.9170662,-4.6499915
889,1,0,0,train,4.6278925,-1.213239,-5.0903773,-10.420901,-1.9924943,-1.1080675,0.13781108,-3.3175523,-3.358844,-5.8929524,-2.400389,-5.2603035
756,0,0,1,train,-23.486269,5.560415,-12.632053,12.219553,5.6002526,-14.82087,6.5628033,4.0698376,5.871463,-5.1506133,9.93009,8.066379
1344,1,0,0,train,-7.557727,2.517463,-22.331297,25.448515,-4.908494,8.641239,-10.785772,-1.6801455,-3.1269896,-5.1213593,-2.3177693,-7.392684
1442,0,1,0,train,8.465892,8.290732,-7.4955783,-5.5765066,1.8338339,3.1778586,-0.9146886,4.45007,-0.87978625,3.0004508,5.8043575,1.6763959
664,0,0,1,train,-9.282941,5.487035,11.796241,-1.2308778,-6.297872,7.893581,-13.821948,1.0779357,6.2420435,2.543817,17.809233,-7.5870733
1315,1,0,0,train,-14.54585,-2.6015863,-13.500531,16.12868,13.569059,-3.074995,3.2892134,-3.5715654,4.377879,-7.9828324,3.6233675,-0.9570771
61,1,0,0,train,-2.9990702,0.6218911,-1.7909485,-4.279903,2.9258082,0.32458958,5.710305,-2.4425116,-15.268113,4.781791,5.388096,-4.195738
904,0,0,0,train,18.53889,-5.202513,-0.33547488,-3.960049,-6.7999325,-8.671278,-6.59838,-2.9543262,-2.364315,-5.2936745,-1.057422,0.9282641
887,0,1,0,train,4.826974,-5.6666484,-12.599849,-6.4185514,-0.86486626,3.8317208,1.0965289,2.8845608,1.7107413,0.6117276,-2.7612514,-0.22569993
354,0,0,1,train,-17.573631,-3.623724,-0.25385627,1.5950052,-3.6736286,2.1650522,6.7493153,-0.48235404,-0.12493179,0.3952937,-2.2049549,1.1106733
783,0,0,1,train,-2.3944454,3.0448368,-3.804651,4.08206,-5.1232386,-10.038149,13.745854,-3.0218294,-5.593099,-1.1570518,-3.1531048,1.1595254
1371,0,0,0,train,7.1858706,-0.43977854,3.6069436,12.119494,6.9725957,2.1794825,-5.4419727,-4.790717,-2.036876,-6.783392,-9.099881,1.2299016
472,0,0,1,train,-13.261743,-8.013668,4.897757,-11.065581,-0.95995206,1.689847,-6.25693,-2.7850032,-0.78980786,2.7688792,1.5102068,-0.05480902
373,0,0,1,train,-21.601288,6.0677385,9.185132,-4.297295,-2.3052459,11.691059,-9.728134,0.23643422,-7.8620834,-1.2102655,-6.3579545,-7.277699
11,0,0,0,train,14.185556,-4.6461186,-1.2809198,12.109128,-6.5340343,-3.2953572,1.7913828,7.431474,-6.5145125,1.0229874,-2.5341232,-1.3331429
1431,0,0,0,train,5.055331,1.0823834,-3.222961,1.8367586,8.396017,-9.002219,4.340766,6.6268106,3.4781063,8.7574005,-5.766837,-1.7390566
622,0,0,1,train,-14.35064,-1.9647743,7.3313856,-7.7990146,-3.5868607,5.167952,-1.3173714,-1.4521288,4.815846,-0.07601426,-1.6072919,-1.5125344
728,0,0,1,train,-1.4848273,7.11431,12.303121,0.64916885,-6.7526026,-3.2035415,8.49335,-1.8487387,0.061155092,3.6256976,1.6753063,-1.3825823
1325,0,0,0,train,4.5293207,6.5516057,-2.0532584,14.560049,0.84615904,7.262376,-1.127412,-10.350108,6.785243,-2.1373858,-2.1822772,0.8684455
1340,1,0,0,train,0.6993804,10.454707,1.713247,13.126359,6.345665,1.8342328,2.2699401,-8.605589,2.3576832,4.120611,-0.80457956,1.7472229
1039,0,0,0,train,11.091123,-4.6214204,4.409281,-2.7632236,2.6240735,-4.4174557,-1.5091969,0.6289839,1.9077507,1.9646201,-2.000779,1.1684428
700,0,0,0,train,11.527949,-11.797078,4.012918,6.201157,-3.3567572,0.67602366,-2.1227725,2.9811046,3.4887848,-6.6924295,0.44371942,-0.6826374
1074,1,0,0,train,0.89834267,-1.2317525,-2.5247457,-9.035569,3.573444,-7.673979,8.02711,-1.6361816,5.2078795,-0.2579486,2.5809062,-3.8123329
155,0,1,0,train,12.226062,-0.5678794,6.953585,-1.2026008,-0.54103774,5.6801853,1.844937,8.927272,-6.5795083,-8.037327,10.100944,2.4361782
924,0,0,0,train,15.562397,5.2930183,5.1675277,2.3791099,-3.577349,-9.597295,-5.8059664,7.4661713,4.1340976,1.6590046,-1.4657619,-5.180553
1335,0,0,0,train,12.5346775,-2.6672785,-5.965175,4.097087,-5.1942296,1.0077115,-12.338921,-10.861008,-5.6291327,-1.1791815,-4.772903,7.3820558
1583,0,1,0,train,4.4951134,5.533001,2.2770154,-5.0435314,4.314547,6.294736,0.67772037,-3.9735165,-10.600497,-4.184091,2.4669697,3.5537953
831,1,0,0,train,-10.290536,4.596754,-18.942081,-3.9848077,6.5367227,-11.258701,-10.737977,-1.9682822,-3.552424,0.14757533,8.166115,-15.829891
1560,1,0,0,train,-1.7881262,-8.384857,-2.19962,-4.763838,11.14136,-1.8675435,0.3069974,-1.2389816,-0.72897136,5.4733934,-0.25688365,-3.0323267
139,0,1,0,train,3.4408035,7.1320906,-2.6227953,5.893573,4.8101387,10.404484,-0.92017144,10.533686,1.0504464,-9.708297,4.7293816,2.484364
1408,0,0,0,train,8.189074,-10.024727,2.169634,6.796916,-1.415851,-0.032508228,-5.0064144,-3.5619888,-3.3076518,-1.9235749,-4.630082,-1.8114483
604,0,0,1,train,-12.102202,0.08771472,0.62322265,-9.616592,10.756162,2.151389,-7.0095277,-0.43111396,-0.45349392,-4.6089115,-2.8781195,-6.8608203
486,0,0,1,train,-18.614538,-10.4790125,8.5501995,0.7401719,-2.2732847,2.6277237,-8.399488,9.113978,3.0495276,5.867709,8.943797,0.77910775
1065,0,0,0,train,15.462007,-4.9264126,0.25871083,-0.5804339,1.4340317,-8.173506,-10.400096,-9.789641,5.061836,2.2411244,1.90468,2.1685085
223,1,0,0,train,5.4338274,-10.005852,1.1085764,-2.6435075,5.243432,-0.19827329,4.2804227,-0.23612386,-1.4000485,-5.1999044,0.6317612,0.14464149
353,0,0,1,train,-6.782455,-12.6746,8.618722,-2.8459291,0.6487121,1.378993,-0.73294646,-1.9009098,-1.0502068,4.314717,3.7507837,-0.37299594
297,0,0,1,train,-8.461873,16.91008,15.124931,4.946772,0.43957433,8.932665,-2.4306808,5.378653,-2.038415,-3.6418006,-18.379534,-0.5315515
240,0,0,1,train,-16.064228,-2.2831166,-3.8804202,7.2911744,-0.96161854,-10.593215,-9.172605,4.3521533,0.5668348,0.7446939,-3.5173948,-0.96632206
1313,1,0,0,train,-15.050582,0.2732843,-14.616962,19.456264,15.269204,-4.8868747,1.8200488,-4.8430624,3.8862002,-9.182786,3.9982722,-1.3002278
352,0,0,1,train,-17.494722,0.1959974,-2.1026528,1.5124018,-4.370774,-1.368311,9.595699,-1.1601048,-1.259896,-1.5634586,-1.2094647,3.0514698
290,0,0,1,train,-23.17293,-3.4867089,-5.1093163,2.123915,-0.8259426,-2.08491,1.1019335,-1.783355,-3.135379,-4.1629195,-5.520738,3.384848
150,0,1,0,train,6.0656943,11.909233,-2.9173555,-4.0462446,4.4056478,12.003426,4.4607534,-4.400957,-7.4941974,-7.6757216,5.430909,6.2052183
803,0,0,1,train,-19.911636,2.2723966,-4.728629,4.642053,2.1001544,-10.052715,1.3440387,-5.456676,3.0161304,0.5148112,-1.8209807,7.2544003
695,0,0,0,train,3.2232068,-2.9732926,14.66453,4.8820524,6.4919615,-2.2694807,4.7881684,3.2786148,2.4952404,0.6674779,-0.051646747,0.13004445
1377,1,0,0,train,5.1856394,27.441748,2.2431636,7.756736,-4.2255826,4.669288,-7.128705,-8.665745,-1.9164413,-6.3292007,-2.4919353,-2.447028
1538,0,1,0,train,9.951321,-10.002669,-1.7707744,0.5636925,-5.0512195,0.84440297,-2.204742,3.76298,-4.9099746,-6.3494406,0.17315821,-0.40482688
1080,1,0,0,train,3.2986183,4.602203,-0.22343685,-11.2784,-0.63745815,-6.170202,0.4041792,1.4223799,4.2436676,3.5935974,1.3497614,-2.298212
356,0,0,1,train,-16.94363,20.262697,13.264343,-1.9390682,-8.789526,4.284275,1.1868283,2.5419161,0.27540228,-3.8876812,-4.012671,-5.848288
784,0,0,1,train,2.8845751,15.440522,12.086242,8.989005,4.7775974,-1.7232012,4.4073586,6.083532,2.117768,1.4522045,-4.073776,1.3882705
793,0,0,0,train,3.3469822,-10.351193,5.407829,-4.133741,12.982143,-2.728927,-0.59813076,-1.4125619,5.093292,-1.8335221,1.9975129,0.4487405
309,0,0,1,train,-20.643124,1.6695272,4.2279735,2.7718904,-5.2290525,-4.6524324,2.4461002,-2.3216684,-2.680602,0.8562941,-0.54171515,7.84248
30,1,0,0,train,8.970932,-0.9092772,-8.601156,5.4021387,-8.712795,4.8645296,6.9652123,6.099316,-9.3776,-4.912637,-3.8636003,-0.21196319
903,0,1,0,train,15.530187,8.772537,-9.482563,0.098101325,-2.6346214,-3.6356447,-10.128846,11.936651,-0.6474108,6.608915,-6.1292095,4.8460803
1571,0,1,0,train,6.334286,-13.6303425,-10.613816,-1.2438945,-8.556917,9.839126,-7.99285,4.732134,2.9247587,-0.55920213,1.6607047,-1.8449817
862,0,0,0,train,9.501586,-6.3096013,6.045845,-11.649826,-5.2877736,-8.181626,-2.3945076,-5.3442945,-5.631251,-3.1088908,-2.699591,-0.60915726
926,0,0,0,train,15.778425,4.480521,3.8928041,1.321943,-2.8939612,-10.464789,-6.3408866,8.901333,4.262339,3.3640788,-0.9863574,-4.7645717
614,0,0,1,train,-29.052856,-1.0231006,-13.293598,6.6210485,3.5621738,-12.484498,-13.099354,4.4207616,-3.534381,-1.0027245,3.0366511,8.518388
752,0,0,0,train,17.74645,10.559947,4.778062,17.503794,-14.164097,-4.855541,-3.652689,-0.5618313,1.8939795,3.5327094,2.4159641,0.66091746
902,0,1,0,train,15.730331,15.153747,-6.7200766,3.0222912,-7.208998,-4.474144,-6.314506,5.3741693,-2.704955,8.922522,-0.006329443,5.8931885
25,1,0,0,train,-4.79653,6.9181685,-2.7021508,2.3615544,0.8045354,2.5932045,7.6242566,2.9608877,-9.16121,8.80383,-9.0447445,-0.8448095
868,0,0,0,train,3.376241,-7.4054856,1.4140142,-13.624276,4.711157,-3.688822,-0.8772296,-3.015641,-2.6665983,-1.3035219,-3.4821706,-0.8443107
2,0,0,0,train,8.435854,12.170192,12.002335,2.8466818,2.7911017,-4.1697507,5.930795,5.4230456,-6.96931,3.0900466,-6.2940383,-1.6020042
1596,0,1,0,train,7.182623,-8.998671,-5.9657807,-1.8187493,2.0154655,4.9244943,-3.885333,1.1073501,5.989131,0.1908618,-3.881287,1.9393163
336,0,0,1,train,-6.167955,-17.093102,7.830974,-0.68392885,-0.4613133,2.2563257,-1.3971202,5.4657574,0.9629808,4.9467115,1.9783301,-2.0064957
690,0,0,0,train,8.643414,-7.5327873,11.810824,4.155152,7.004533,-2.4522865,5.086097,4.8942175,2.2131639,-0.43968642,1.2777909,-0.42153355
296,0,0,1,train,-1.928245,-4.854107,15.549954,3.7233179,6.4339886,3.4626288,-2.0980194,-1.5752723,-3.537138,7.5247917,2.2263932,-2.090517
1011,1,0,0,train,-1.1776948,1.4878958,-3.9610095,-3.2685921,9.091665,-5.1209264,8.07526,6.046008,5.6841836,-0.65173596,-1.9648548,6.0685534
779,0,0,0,train,7.5936856,15.460273,19.01002,8.463745,4.3099766,-3.5240357,5.3575544,2.9856236,0.25108007,3.8737352,-0.023629049,-1.7905698
980,1,0,0,train,6.1125875,1.8230422,-2.1422389,-9.782664,-3.5537858,-1.2102901,-0.97070575,-7.383965,8.160848,-0.67016774,0.2416142,1.8739513
1541,1,0,0,train,-3.320755,16.090042,0.8328977,-5.0229278,12.877841,11.186459,2.1652312,-1.1936065,-7.2381077,2.90099,1.1785961,7.5044956
449,0,0,1,train,-9.67593,-9.54175,3.903557,7.6963634,5.687281,-4.6599092,-1.700902,-2.0992556,-6.2365527,4.170702,2.1934714,-5.4088087
418,0,0,1,train,-16.221142,0.9736222,8.8891325,-4.134645,-2.6091704,8.283309,0.13705628,0.7359835,2.8855863,0.31605285,-0.8853215,-0.21109489
179,0,1,0,train,2.6915002,-13.9362545,2.8691976,3.0604181,-0.18067421,3.9538581,1.1364406,5.3977737,-3.3593547,0.36679488,1.1270474,-2.3119202
21,1,0,0,train,0.029891798,7.722751,-9.152481,10.116023,-4.5569043,-5.638873,7.1141105,8.241328,-9.011702,-0.4810233,-0.33719245,-2.895424
1535,0,1,0,train,8.320672,-7.224881,2.3336587,-12.755346,6.030017,1.7920299,-3.8509545,0.25646228,0.16301014,-5.8859224,0.010748159,2.588704
347,0,0,1,train,-21.387274,0.76140225,-8.926689,4.60162,-7.862967,-16.950119,0.65391636,-4.20145,-3.733683,-5.5438914,-0.67294866,22.016039
52,1,0,0,train,3.3685606,7.3599606,-3.9050329,-3.6665998,1.9581676,0.3488267,6.1383166,0.82136804,-9.58998,7.396557,-4.2630625,-1.4584435
1388,0,0,0,train,2.6592972,-11.136945,3.0049796,4.4778886,4.858019,5.1151853,-3.1984265,-0.7744739,7.7725663,1.6496813,-1.598756,1.2197732
164,0,1,0,train,4.914765,-1.1679515,4.5206017,-3.4055052,0.9757685,8.925685,4.587428,2.6767802,-2.60394,-6.2663054,12.07068,0.025210055
1589,0,1,0,train,3.4491658,-3.561985,-1.4342475,-9.3122635,3.4385216,7.1464696,5.101254,6.1390715,3.4494338,-0.5400018,4.9030733,0.53189397
732,0,1,0,train,2.9153993,-17.289911,1.5077277,0.7246595,-3.2394545,1.5483398,1.1756079,2.443816,2.094532,-0.9761067,-0.6658914,-1.2162757
734,0,1,0,train,3.7688508,-17.668562,1.8138554,1.6061028,-4.888051,2.3025463,0.9469816,4.4229894,2.3323143,-2.056074,-0.5743029,-0.7694302
774,0,0,1,train,-1.7642614,-9.157069,10.381349,6.170042,-0.32419276,-1.1016641,5.8040357,5.3049293,7.834623,1.8107753,1.823267,-1.9440736
34,1,0,0,train,-0.24982178,11.43402,-2.6925647,-5.390809,0.47325408,9.644373,8.199501,-3.098912,0.0674744,-7.795517,7.6967483,-1.4344846
419,0,0,1,train,-19.269526,3.298652,11.668974,-1.6793671,-2.8552206,8.521076,-2.5481067,2.6614664,3.621991,-2.4772189,-2.9857621,-1.1905588
1435,0,1,0,train,-1.3234525,18.500483,-6.4090858,-5.0666304,11.0641985,8.428558,0.49612254,6.022071,-0.15195863,10.576432,-9.503176,9.643443
225,1,0,0,train,-3.5966632,-2.0359135,-12.107728,7.037851,-3.213328,-0.49874294,11.650799,-1.1997849,-6.239255,-2.845598,-6.543185,-4.4028826
611,0,0,1,train,-6.744546,-0.6026382,9.338771,-0.79028946,-8.069474,4.0590315,6.266383,-1.3553472,4.2784934,1.564869,3.3136954,0.7785898
226,1,0,0,train,-0.042331796,-5.5771313,-7.59926,2.2092817,-2.6294246,0.2637746,10.051036,-0.39950356,-6.463098,-0.7696336,-3.502154,-1.2482883
108,1,0,0,train,5.929377,-6.255873,-2.2452605,-6.234774,-8.042955,4.391865,6.1237583,-4.253687,-1.5722355,-4.7661777,2.415084,1.6911895
374,0,0,1,train,-20.422283,7.3933315,11.489584,-2.6854022,-7.0062985,13.761284,-9.181704,0.5651375,-5.013917,-2.260784,-3.0776963,-6.4591303
234,1,0,0,train,6.5455437,2.9649465,-5.7236934,3.9761727,-5.541922,4.7445154,5.9813714,-0.33449656,-5.6787634,0.7864196,-1.1649671,1.8599883
934,0,0,0,train,4.767349,-5.223899,4.1717143,-8.656748,-2.0052168,-6.4860635,-1.098029,-3.1705537,3.2352133,-2.975595,-0.5523323,-1.3441461
128,0,1,0,train,2.876871,-3.8101614,0.7690859,2.9505515,9.93514,2.7436707,3.5268414,6.31816,-1.8729142,-5.1244984,-1.5362008,-0.49144262
1590,0,1,0,train,5.8201833,-2.5041158,-3.5593832,-9.373059,2.7546942,7.421028,4.519839,4.058831,2.8889496,-0.5156947,8.450679,1.5353593
613,0,0,1,train,-25.51699,-1.9817239,-10.74603,2.9810646,3.2531946,-7.9980183,-13.318248,5.689308,-1.304327,-1.8152535,-0.99967945,4.4936705
875,1,0,0,train,4.884774,10.883592,-3.3900142,-14.171856,-0.19248644,-3.1602073,2.738893,-1.8356403,3.0571597,-1.0022135,7.363479,1.2871314
749,0,0,0,train,9.8147745,-14.447835,3.7904236,2.9009275,-6.009426,-4.1178737,1.5211015,-1.1673204,-4.093151,-2.8893661,-0.40401763,-2.050806
781,0,0,1,train,-0.18380661,5.653424,-1.8798307,3.7895067,-5.6104746,-9.53688,12.301003,-2.7840738,-3.8043664,0.55230814,-6.1930547,-0.39213148
995,1,0,0,train,1.4055732,-13.308161,-7.024928,-3.9266102,-1.4818236,-4.8849964,1.318262,-2.6194298,3.9789534,1.6184072,-3.0030408,-5.2112374
1564,0,1,0,train,11.342677,-1.3691615,0.79636246,-5.8226066,6.7095213,0.10021863,-2.8768446,5.8092256,-3.416333,-4.286716,-3.0758677,1.4920373
1598,0,1,0,train,5.9028554,-10.183011,-5.914426,-2.6288042,1.7973571,4.524135,-4.1519747,0.6573628,4.052782,0.08765485,-3.107631,1.5958781
1518,0,1,0,train,3.8388386,-3.1617043,-3.1388905,-6.47001,14.046821,4.0896053,-1.0130969,-3.5964668,1.2168007,-5.4308076,0.06605194,7.477581
678,0,0,1,train,-24.882595,1.8163891,-17.410933,9.9810505,-1.5326152,-5.852586,4.095537,-7.6768384,6.3518105,0.7610707,0.40571317,-5.263203
1391,0,0,0,train,1.5780324,-8.264753,4.550341,2.0331707,8.517851,3.9250767,-3.0149107,-1.8374598,7.7285137,-1.9120288,-0.57235277,2.481382
1537,0,1,0,train,11.110795,-5.6585174,-0.759291,1.081388,-3.1029398,0.9956934,-1.6287822,-1.0407178,-5.162097,-5.505828,-1.4473801,2.113926
1382,0,0,0,train,12.252316,7.9482903,0.5151411,12.529439,8.367715,6.368819,-8.702837,-11.380826,4.3799305,-5.280891,2.0762691,7.4105983
689,0,0,0,train,9.292378,-1.318107,13.226702,2.0252614,7.941178,-3.6861465,5.375718,4.22,0.9123248,0.07378165,-0.48711646,0.41222256
1021,1,1,0,train,8.491472,0.3880519,-0.73156154,-11.196066,-0.08862755,-8.207596,3.76846,-2.6839032,3.1500874,-0.7785393,1.8617063,-1.4090409
202,0,0,0,train,11.627683,-3.5519626,5.2435493,-3.174904,-0.23195802,-1.528077,-1.6391802,0.5965012,-5.884547,-8.577786,-2.0237083,3.8688393
460,0,0,1,train,-14.46574,-2.6751156,-0.55296224,-3.495245,-5.797368,2.6725945,9.618429,-2.9337072,6.11093,2.6164439,3.4648967,1.5564506
194,0,0,0,train,15.91406,-6.7248583,-0.91169727,8.663776,-9.515549,0.24868004,-0.3462134,5.8470235,-4.7795725,-3.6951337,0.89665353,0.71160567
104,1,0,0,train,2.816353,5.710588,-0.24499042,-3.098252,1.3697852,2.321644,9.924345,1.5741988,-6.049611,1.8372307,-4.574932,-1.2941293
1361,1,1,0,train,9.714307,-5.508607,-7.590146,4.2448654,-4.2640715,5.853182,5.2002788,-7.517526,-3.1412964,-4.088606,5.6964774,2.2574925
1366,0,0,0,train,6.574348,4.9108615,11.379337,11.981472,13.54343,4.652138,0.024057392,-8.202967,6.450055,-0.9342185,2.6440096,3.4711263
817,1,0,0,train,-10.822009,-1.8889409,-6.374882,7.0289683,4.4503326,-8.943743,10.319598,2.4132245,3.5758016,-3.2070174,0.99833,2.8923235
834,0,0,0,train,15.828023,12.1419325,7.311028,-3.2230432,-1.7704846,-10.5192175,-4.9409637,0.5780724,-4.5406246,-1.3911299,-0.5748654,-2.8169072
877,1,1,0,train,5.1828628,15.386638,-6.115712,-12.809888,4.5393457,4.986064,0.094911724,-1.2281979,-3.4387434,6.910852,3.3130076,3.7395494
989,1,1,0,train,15.245878,0.17846487,-18.353016,-0.99711347,-11.86496,1.4593824,-7.3227897,-1.6087421,8.337326,-5.051407,5.5896506,-1.4992101
896,0,1,0,train,12.676076,4.494414,-8.925224,6.2736487,-4.6775656,-1.6058834,-3.7371614,5.9850426,7.1383023,8.337815,-4.6155424,4.533171
845,0,0,0,train,9.029074,-6.6548986,4.3739023,-7.3707523,5.18741,-10.663743,0.24772915,0.09035077,0.17402588,-1.3835343,1.7188244,-4.762342
1424,0,0,0,train,2.8471086,-9.746029,6.36968,10.763459,6.0222645,3.2931585,-0.8639588,1.1320596,0.3796403,-0.939344,-4.3015666,0.4285361
620,0,0,1,train,-14.452459,-4.059931,5.4639244,-8.094839,-3.0976667,4.710908,-2.096777,-0.88580495,3.588435,0.89363,-1.2081347,-3.4053845
152,0,1,0,train,14.516498,4.295563,7.2678204,-0.74438393,0.06026683,4.5648527,0.03520149,9.196349,-7.3655095,-9.271321,7.028277,3.474411
1317,0,0,0,train,15.896512,14.615186,-8.333217,22.81361,-14.009595,3.4848452,-11.763548,-14.011308,1.9292434,3.2833114,5.92513,2.4251873
635,0,0,1,train,-20.622559,3.5301254,2.5795317,-9.665461,-5.494142,5.5994825,-4.236313,-1.0476742,-1.728176,-7.345903,-3.7866895,-1.3929731
433,0,0,1,train,-6.6796384,-7.677663,8.748471,4.6925464,-3.511202,0.7534511,2.097161,-0.054823793,8.748589,4.118731,0.32092983,-3.2122927
629,0,0,1,train,-8.194807,-13.219789,-0.36009288,-2.6253188,-3.6748548,3.9563062,0.25583237,-1.8616838,2.9773905,3.5767162,-2.667614,-1.1671177
890,1,0,0,train,5.09324,-1.8319122,-0.7192869,-12.995841,-1.3268449,-5.185627,-0.34629616,-3.4279172,-6.81877,-0.8009564,0.92349,-6.8993073
1390,0,0,0,train,0.4263267,-10.363287,4.084146,3.3351576,6.2260613,5.2791896,-3.321546,-1.5407975,6.1712666,1.887403,-1.1072234,1.2169702
493,0,0,1,train,-11.440551,-13.616526,5.2732377,0.044937417,1.9801098,-1.4622304,-7.6071286,2.858052,-3.3690338,8.795001,4.485111,0.6376496
276,0,0,1,train,-14.7441225,-9.585689,-2.3043969,-0.95384926,3.6197176,-2.0415862,3.3961463,-0.3743913,4.897332,1.6240667,-0.668399,1.7892128
326,0,0,1,train,-24.69572,5.2745996,4.660283,-1.3203325,-10.994296,0.5796179,-5.9700975,3.328484,-1.7387406,-4.2750883,-2.1872342,5.624427
1314,1,0,0,train,-13.87358,-5.1681557,-11.253975,13.10492,7.298919,-1.2256576,5.0923505,-3.9717011,3.010698,-6.1511183,-0.9936122,-3.8199506
1433,0,1,0,train,-0.3795945,22.527254,-6.4550576,-2.892312,11.372417,8.385623,-0.17312667,5.611059,-1.5456778,10.857619,-9.36596,9.632677
298,0,0,1,train,-2.919841,-7.2126346,15.852352,4.211013,6.015272,2.7074025,-2.2463083,0.57117707,-2.8548925,8.345925,2.4211843,-1.1018448
660,0,0,1,train,-3.173503,4.3754916,7.9099836,0.057801362,-1.9686915,4.084336,-3.0855062,-2.3483114,6.413445,-3.1300766,-7.9504213,2.2374263
778,0,0,0,train,6.775469,2.5851266,16.20522,9.378835,8.064549,-3.5795503,5.6272955,4.3675466,-0.96769875,5.7127733,4.308725,-3.6143992
748,0,0,0,train,8.047618,-17.766142,2.173065,3.278894,-6.2640452,-3.3077161,0.96451694,1.9328325,-3.8681715,-1.8584324,0.65813893,-4.433748
973,1,0,0,train,8.768833,11.943249,-1.7635745,-9.782558,-4.3292828,-3.517722,-6.0739927,-13.161845,7.7205553,4.7070704,8.180453,4.109696
719,0,1,0,train,4.9322762,20.909922,-7.8884664,-4.447222,4.4296956,10.336596,0.28315994,6.23066,2.7105665,2.4020991,5.249876,-2.5997515
842,0,1,0,train,3.6399922,8.383174,-1.3236893,-4.4511147,-3.7361681,-5.9608026,11.983404,0.35284173,5.37885,2.3660755,3.8645563,-1.7606361
1049,0,0,0,train,13.030486,7.5959,5.8230095,-10.176116,1.5036978,-8.183365,-9.460634,-11.623342,3.256731,0.7227661,2.6750295,2.438132
1517,0,1,0,train,3.8777912,-3.8118808,-0.11795305,-8.26282,12.304706,4.7502627,-1.2226093,-1.23884,-0.8177058,-3.02235,-1.4971901,4.414232
197,0,0,0,train,16.605057,-9.811594,-0.76916486,6.0277185,-12.123809,-1.7531949,-2.1507015,0.38217974,-4.6168714,-4.710669,-0.8365795,0.5138181
1489,0,1,0,train,3.347893,-11.457594,-7.293558,-2.693197,4.978118,4.006953,-3.1407201,-0.8767804,-1.5296739,2.1512651,-4.103555,1.9567138
921,0,0,0,train,14.319017,-1.9057136,5.3423705,0.3122812,4.6253886,-5.5376368,-3.7694385,-4.98749,4.6098185,-4.2292094,-0.91995925,-1.5597544
177,0,1,0,train,4.7506795,-14.105668,3.1514454,2.3773096,-0.64245164,3.260595,1.9572997,4.550923,-3.838757,-0.11947293,1.682679,-2.1538556
1544,0,1,0,train,10.629015,2.021098,-11.406165,-2.345385,5.8312907,5.9227867,-8.546874,-2.882319,3.0787284,0.017367173,2.067316,6.6978965
313,0,0,1,train,-24.423416,6.9832916,-3.2582111,0.1595694,-0.5535844,-8.8837595,-16.4304,9.24369,-2.1965704,-2.7647164,-5.8960004,1.0584484
475,0,0,1,train,-16.11301,0.7171752,1.2529972,-10.11426,-10.01839,0.9286105,0.12081334,-2.8609593,0.9176604,-0.54910344,-0.100872,-3.2439132
1336,1,0,0,train,-9.80773,-7.9099307,-12.651105,14.002168,-2.1109304,13.280502,-4.2865076,-8.510773,4.4929185,2.375952,-3.8517737,-2.9635663
338,0,0,1,train,-6.5562096,-15.229311,9.847868,0.04731124,-1.5864009,2.767793,-1.2928803,6.6805058,1.5930126,5.532601,2.4976623,-1.9570364
359,0,0,1,train,-14.962409,4.1345854,11.453518,0.05834793,-5.970243,4.9645767,3.1713147,0.89678746,1.5499468,1.1532782,1.9701779,-4.3557725
855,1,0,0,train,-2.2475588,-3.6816304,-4.5289516,-7.450382,4.7990327,-10.826414,5.2594495,-4.9948907,-7.1922965,-1.7834964,1.8775076,-9.40343
981,1,0,0,train,1.3553159,0.21971253,-10.034871,-5.5656424,2.084284,-3.273585,1.3662016,-12.017436,6.393192,3.37215,1.4450305,-1.8406125
776,0,0,0,train,7.546847,6.382648,16.285177,10.747039,7.704401,-3.5711195,5.4844832,3.6635914,-0.09238397,6.5641723,5.050199,-3.1659622
999,0,0,0,train,11.53406,-13.383571,2.4038064,-10.868069,1.0104547,-5.706803,-4.5068235,-3.0383918,8.768985,-3.02922,0.433752,-0.36553156
984,1,0,0,train,7.68784,-2.962436,-6.0526457,-7.536249,-7.388683,-2.186139,3.1422784,-5.421802,4.577101,-2.5478268,-0.2798474,1.1072389
1557,0,1,0,train,5.297354,2.496873,1.3363341,0.3404382,14.361421,6.567119,3.3605573,3.8973877,6.992153,-2.8729765,5.4453497,1.7147638
681,0,0,1,train,-12.606491,1.3592119,-7.8471437,9.391284,-4.502296,-6.91615,17.007113,-7.5025654,4.9710245,7.932617,-2.1149304,1.714744
948,1,0,0,train,7.551085,-7.579394,-4.739092,-6.9253063,-1.918149,-5.18672,-1.2979503,-7.6494994,1.3294765,1.07999,-3.1961122,-2.4323826
1086,1,0,0,train,4.6018004,0.504122,-6.272444,-7.697442,-7.1183968,-1.5323163,4.2841816,2.628995,9.198193,0.74786425,0.779244,-0.8315001
371,0,0,1,train,-2.2301416,-6.282854,11.817509,-1.3175892,4.936952,1.5558734,-5.016135,-0.8862413,2.3528552,1.9723663,5.2860904,1.9746248
408,0,0,1,train,-25.218039,18.269436,7.2556887,2.4865603,-11.157135,-1.0095146,0.21174036,0.46905228,1.7791091,-12.982082,-7.790517,8.623684
316,0,0,1,train,-10.2453575,-12.329079,5.900196,-6.7309074,4.468538,-1.2833201,-0.9957965,-2.8451257,-2.7325704,4.094231,2.1799474,2.532659
967,0,0,0,train,15.884352,-12.317156,-10.044602,-3.2196527,-12.932859,-0.05603105,-6.194902,-2.5144825,4.1789317,-11.172415,-0.48366582,-2.8735218
675,0,0,1,train,-6.277487,9.620611,12.409531,-14.61414,-7.9477854,6.9955244,-8.871618,-1.9661713,2.0160072,-3.6674585,2.8924413,-4.8574553
1577,0,1,0,train,11.524397,-4.311485,-6.2446375,-5.6784205,0.9540412,3.8637044,-3.7651956,-3.4627972,-0.3808753,-5.3577547,0.8703188,3.2073288
496,0,0,1,train,-5.9292088,-1.8805693,15.669636,-0.9845826,-2.454413,-0.35158545,-1.2996025,0.05044092,-2.0241213,5.8992796,4.6278343,1.0902416
986,1,0,0,train,9.480461,-4.2493744,-4.7489104,-7.1598372,-5.9560423,-2.6062555,1.8864994,-5.8809724,4.2700663,-2.625231,-0.11597894,0.28283113
388,0,0,1,train,-6.3394933,-10.1443,7.7513027,-3.7700164,-2.14818,1.0821604,-1.8927268,-3.4819572,1.389765,6.8599944,8.198255,2.853691
994,1,0,0,train,1.2924861,-10.837786,-5.824535,-6.5190163,-3.4106212,-6.3932137,1.6911649,-4.2429767,1.0185854,1.1177009,-2.7712395,-3.921597
